declarationDate,Year,Quarter,state,incidentType,alabama-Q1,alaska-Q1,arkansas-Q1,arizona-Q1,california-Q1,colorado-Q1,connecticut-Q1,delaware-Q1,florida-Q1,georgia-Q1,hawaii-Q1,iowa-Q1,idaho-Q1,illinois-Q1,indiana-Q1,kansas-Q1,kentucky-Q1,louisiana-Q1,massachusetts-Q1,maryland-Q1,maine-Q1,michigan-Q1,minnesota-Q1,missouri-Q1,mississippi-Q1,montana-Q1,northcarolina-Q1,northdakota-Q1,nebraska-Q1,newhampshire-Q1,newjersey-Q1,newmexico-Q1,nevada-Q1,newyork-Q1,ohio-Q1,oklahoma-Q1,oregon-Q1,pennsylvania-Q1,rhodeisland-Q1,southcarolina-Q1,southdakota-Q1,tennessee-Q1,texas-Q1,utah-Q1,virginia-Q1,vermont-Q1,washington-Q1,wisconsin-Q1,westvirginia-Q1,wyoming-Q1
2005-04-01 12:01:00+00:00,2005,2,maine,Snow,5.6,5.9,9.3,2.9,4.1,0.3,4.3,-8.7,3.2,2.4,0.9,3.1,0.8,4.2,2.1,2.1,6,7.3,1.5,3.7,0.2,-0.8,0,1.2,2,-0.3,3.1,12.8,2.9,0.7,2.2,6.4,1.8,2.2,1.2,3.3,0.4,3.4,3.1,2.7,-0.9,1,0.1,4.4,0.2,6.7,6,7.1,2.1,13.1
2005-04-14 20:18:00+00:00,2005,2,california,Severe Storm(s),5.6,5.9,9.3,2.9,4.1,0.3,4.3,-8.7,3.2,2.4,0.9,3.1,0.8,4.2,2.1,2.1,6,7.3,1.5,3.7,0.2,-0.8,0,1.2,2,-0.3,3.1,12.8,2.9,0.7,2.2,6.4,1.8,2.2,1.2,3.3,0.4,3.4,3.1,2.7,-0.9,1,0.1,4.4,0.2,6.7,6,7.1,2.1,13.1
2005-04-14 20:22:00+00:00,2005,2,pennsylvania,Severe Storm(s),5.6,5.9,9.3,2.9,4.1,0.3,4.3,-8.7,3.2,2.4,0.9,3.1,0.8,4.2,2.1,2.1,6,7.3,1.5,3.7,0.2,-0.8,0,1.2,2,-0.3,3.1,12.8,2.9,0.7,2.2,6.4,1.8,2.2,1.2,3.3,0.4,3.4,3.1,2.7,-0.9,1,0.1,4.4,0.2,6.7,6,7.1,2.1,13.1
2005-04-14 20:26:00+00:00,2005,2,arizona,Severe Storm(s),5.6,5.9,9.3,2.9,4.1,0.3,4.3,-8.7,3.2,2.4,0.9,3.1,0.8,4.2,2.1,2.1,6,7.3,1.5,3.7,0.2,-0.8,0,1.2,2,-0.3,3.1,12.8,2.9,0.7,2.2,6.4,1.8,2.2,1.2,3.3,0.4,3.4,3.1,2.7,-0.9,1,0.1,4.4,0.2,6.7,6,7.1,2.1,13.1
2005-04-19 15:47:00+00:00,2005,2,south dakota,Fire,5.6,5.9,9.3,2.9,4.1,0.3,4.3,-8.7,3.2,2.4,0.9,3.1,0.8,4.2,2.1,2.1,6,7.3,1.5,3.7,0.2,-0.8,0,1.2,2,-0.3,3.1,12.8,2.9,0.7,2.2,6.4,1.8,2.2,1.2,3.3,0.4,3.4,3.1,2.7,-0.9,1,0.1,4.4,0.2,6.7,6,7.1,2.1,13.1
2005-04-19 20:41:00+00:00,2005,2,new jersey,Severe Storm(s),5.6,5.9,9.3,2.9,4.1,0.3,4.3,-8.7,3.2,2.4,0.9,3.1,0.8,4.2,2.1,2.1,6,7.3,1.5,3.7,0.2,-0.8,0,1.2,2,-0.3,3.1,12.8,2.9,0.7,2.2,6.4,1.8,2.2,1.2,3.3,0.4,3.4,3.1,2.7,-0.9,1,0.1,4.4,0.2,6.7,6,7.1,2.1,13.1
2005-04-19 20:41:00+00:00,2005,2,new york,Severe Storm(s),5.6,5.9,9.3,2.9,4.1,0.3,4.3,-8.7,3.2,2.4,0.9,3.1,0.8,4.2,2.1,2.1,6,7.3,1.5,3.7,0.2,-0.8,0,1.2,2,-0.3,3.1,12.8,2.9,0.7,2.2,6.4,1.8,2.2,1.2,3.3,0.4,3.4,3.1,2.7,-0.9,1,0.1,4.4,0.2,6.7,6,7.1,2.1,13.1
2005-04-28 00:00:00+00:00,2005,2,new hampshire,Snow,5.6,5.9,9.3,2.9,4.1,0.3,4.3,-8.7,3.2,2.4,0.9,3.1,0.8,4.2,2.1,2.1,6,7.3,1.5,3.7,0.2,-0.8,0,1.2,2,-0.3,3.1,12.8,2.9,0.7,2.2,6.4,1.8,2.2,1.2,3.3,0.4,3.4,3.1,2.7,-0.9,1,0.1,4.4,0.2,6.7,6,7.1,2.1,13.1
2005-05-26 21:48:00+00:00,2005,2,arizona,Fire,5.6,5.9,9.3,2.9,4.1,0.3,4.3,-8.7,3.2,2.4,0.9,3.1,0.8,4.2,2.1,2.1,6,7.3,1.5,3.7,0.2,-0.8,0,1.2,2,-0.3,3.1,12.8,2.9,0.7,2.2,6.4,1.8,2.2,1.2,3.3,0.4,3.4,3.1,2.7,-0.9,1,0.1,4.4,0.2,6.7,6,7.1,2.1,13.1
2005-06-23 16:00:00+00:00,2005,2,nebraska,Severe Storm(s),5.6,5.9,9.3,2.9,4.1,0.3,4.3,-8.7,3.2,2.4,0.9,3.1,0.8,4.2,2.1,2.1,6,7.3,1.5,3.7,0.2,-0.8,0,1.2,2,-0.3,3.1,12.8,2.9,0.7,2.2,6.4,1.8,2.2,1.2,3.3,0.4,3.4,3.1,2.7,-0.9,1,0.1,4.4,0.2,6.7,6,7.1,2.1,13.1
2005-06-24 23:03:00+00:00,2005,2,nevada,Fire,5.6,5.9,9.3,2.9,4.1,0.3,4.3,-8.7,3.2,2.4,0.9,3.1,0.8,4.2,2.1,2.1,6,7.3,1.5,3.7,0.2,-0.8,0,1.2,2,-0.3,3.1,12.8,2.9,0.7,2.2,6.4,1.8,2.2,1.2,3.3,0.4,3.4,3.1,2.7,-0.9,1,0.1,4.4,0.2,6.7,6,7.1,2.1,13.1
2005-06-27 23:08:00+00:00,2005,2,utah,Fire,5.6,5.9,9.3,2.9,4.1,0.3,4.3,-8.7,3.2,2.4,0.9,3.1,0.8,4.2,2.1,2.1,6,7.3,1.5,3.7,0.2,-0.8,0,1.2,2,-0.3,3.1,12.8,2.9,0.7,2.2,6.4,1.8,2.2,1.2,3.3,0.4,3.4,3.1,2.7,-0.9,1,0.1,4.4,0.2,6.7,6,7.1,2.1,13.1
2005-06-29 17:44:00+00:00,2005,2,maine,Severe Storm(s),5.6,5.9,9.3,2.9,4.1,0.3,4.3,-8.7,3.2,2.4,0.9,3.1,0.8,4.2,2.1,2.1,6,7.3,1.5,3.7,0.2,-0.8,0,1.2,2,-0.3,3.1,12.8,2.9,0.7,2.2,6.4,1.8,2.2,1.2,3.3,0.4,3.4,3.1,2.7,-0.9,1,0.1,4.4,0.2,6.7,6,7.1,2.1,13.1
2005-07-06 13:47:00+00:00,2005,3,idaho,Flood,-0.6,-1.9,9.4,1.6,5.5,1.8,-3.3,-1.1,10.8,0.3,3.2,6.8,2.3,1.1,2.5,2.8,2.1,-9.2,-0.6,7.8,3.7,-4,6.6,1.8,0.3,2.9,4.1,-2,4.5,2.3,-3.6,2.5,3.6,0.1,2.8,-1,2.7,2.9,-1,0.3,6.5,5.2,0.9,7.9,1.1,4.6,-2.5,-3.2,4.3,-13.3
2005-07-10 16:06:00+00:00,2005,3,colorado,Fire,-0.6,-1.9,9.4,1.6,5.5,1.8,-3.3,-1.1,10.8,0.3,3.2,6.8,2.3,1.1,2.5,2.8,2.1,-9.2,-0.6,7.8,3.7,-4,6.6,1.8,0.3,2.9,4.1,-2,4.5,2.3,-3.6,2.5,3.6,0.1,2.8,-1,2.7,2.9,-1,0.3,6.5,5.2,0.9,7.9,1.1,4.6,-2.5,-3.2,4.3,-13.3
2005-07-10 17:40:00+00:00,2005,3,alabama,Hurricane,-0.6,-1.9,9.4,1.6,5.5,1.8,-3.3,-1.1,10.8,0.3,3.2,6.8,2.3,1.1,2.5,2.8,2.1,-9.2,-0.6,7.8,3.7,-4,6.6,1.8,0.3,2.9,4.1,-2,4.5,2.3,-3.6,2.5,3.6,0.1,2.8,-1,2.7,2.9,-1,0.3,6.5,5.2,0.9,7.9,1.1,4.6,-2.5,-3.2,4.3,-13.3
2005-07-10 19:06:00+00:00,2005,3,mississippi,Hurricane,-0.6,-1.9,9.4,1.6,5.5,1.8,-3.3,-1.1,10.8,0.3,3.2,6.8,2.3,1.1,2.5,2.8,2.1,-9.2,-0.6,7.8,3.7,-4,6.6,1.8,0.3,2.9,4.1,-2,4.5,2.3,-3.6,2.5,3.6,0.1,2.8,-1,2.7,2.9,-1,0.3,6.5,5.2,0.9,7.9,1.1,4.6,-2.5,-3.2,4.3,-13.3
2005-07-10 19:06:00+00:00,2005,3,florida,Hurricane,-0.6,-1.9,9.4,1.6,5.5,1.8,-3.3,-1.1,10.8,0.3,3.2,6.8,2.3,1.1,2.5,2.8,2.1,-9.2,-0.6,7.8,3.7,-4,6.6,1.8,0.3,2.9,4.1,-2,4.5,2.3,-3.6,2.5,3.6,0.1,2.8,-1,2.7,2.9,-1,0.3,6.5,5.2,0.9,7.9,1.1,4.6,-2.5,-3.2,4.3,-13.3
2005-07-22 18:46:00+00:00,2005,3,south dakota,Severe Storm(s),-0.6,-1.9,9.4,1.6,5.5,1.8,-3.3,-1.1,10.8,0.3,3.2,6.8,2.3,1.1,2.5,2.8,2.1,-9.2,-0.6,7.8,3.7,-4,6.6,1.8,0.3,2.9,4.1,-2,4.5,2.3,-3.6,2.5,3.6,0.1,2.8,-1,2.7,2.9,-1,0.3,6.5,5.2,0.9,7.9,1.1,4.6,-2.5,-3.2,4.3,-13.3
2005-07-22 18:51:00+00:00,2005,3,north dakota,Severe Storm(s),-0.6,-1.9,9.4,1.6,5.5,1.8,-3.3,-1.1,10.8,0.3,3.2,6.8,2.3,1.1,2.5,2.8,2.1,-9.2,-0.6,7.8,3.7,-4,6.6,1.8,0.3,2.9,4.1,-2,4.5,2.3,-3.6,2.5,3.6,0.1,2.8,-1,2.7,2.9,-1,0.3,6.5,5.2,0.9,7.9,1.1,4.6,-2.5,-3.2,4.3,-13.3
2005-07-25 22:51:00+00:00,2005,3,california,Fire,-0.6,-1.9,9.4,1.6,5.5,1.8,-3.3,-1.1,10.8,0.3,3.2,6.8,2.3,1.1,2.5,2.8,2.1,-9.2,-0.6,7.8,3.7,-4,6.6,1.8,0.3,2.9,4.1,-2,4.5,2.3,-3.6,2.5,3.6,0.1,2.8,-1,2.7,2.9,-1,0.3,6.5,5.2,0.9,7.9,1.1,4.6,-2.5,-3.2,4.3,-13.3
2005-08-01 13:13:00+00:00,2005,3,utah,Flood,-0.6,-1.9,9.4,1.6,5.5,1.8,-3.3,-1.1,10.8,0.3,3.2,6.8,2.3,1.1,2.5,2.8,2.1,-9.2,-0.6,7.8,3.7,-4,6.6,1.8,0.3,2.9,4.1,-2,4.5,2.3,-3.6,2.5,3.6,0.1,2.8,-1,2.7,2.9,-1,0.3,6.5,5.2,0.9,7.9,1.1,4.6,-2.5,-3.2,4.3,-13.3
2005-08-01 19:24:00+00:00,2005,3,washington,Fire,-0.6,-1.9,9.4,1.6,5.5,1.8,-3.3,-1.1,10.8,0.3,3.2,6.8,2.3,1.1,2.5,2.8,2.1,-9.2,-0.6,7.8,3.7,-4,6.6,1.8,0.3,2.9,4.1,-2,4.5,2.3,-3.6,2.5,3.6,0.1,2.8,-1,2.7,2.9,-1,0.3,6.5,5.2,0.9,7.9,1.1,4.6,-2.5,-3.2,4.3,-13.3
2005-08-02 02:58:00+00:00,2005,3,hawaii,Fire,-0.6,-1.9,9.4,1.6,5.5,1.8,-3.3,-1.1,10.8,0.3,3.2,6.8,2.3,1.1,2.5,2.8,2.1,-9.2,-0.6,7.8,3.7,-4,6.6,1.8,0.3,2.9,4.1,-2,4.5,2.3,-3.6,2.5,3.6,0.1,2.8,-1,2.7,2.9,-1,0.3,6.5,5.2,0.9,7.9,1.1,4.6,-2.5,-3.2,4.3,-13.3
2005-08-22 17:53:00+00:00,2005,3,wyoming,Tornado,-0.6,-1.9,9.4,1.6,5.5,1.8,-3.3,-1.1,10.8,0.3,3.2,6.8,2.3,1.1,2.5,2.8,2.1,-9.2,-0.6,7.8,3.7,-4,6.6,1.8,0.3,2.9,4.1,-2,4.5,2.3,-3.6,2.5,3.6,0.1,2.8,-1,2.7,2.9,-1,0.3,6.5,5.2,0.9,7.9,1.1,4.6,-2.5,-3.2,4.3,-13.3
2005-08-23 19:35:00+00:00,2005,3,kansas,Severe Storm(s),-0.6,-1.9,9.4,1.6,5.5,1.8,-3.3,-1.1,10.8,0.3,3.2,6.8,2.3,1.1,2.5,2.8,2.1,-9.2,-0.6,7.8,3.7,-4,6.6,1.8,0.3,2.9,4.1,-2,4.5,2.3,-3.6,2.5,3.6,0.1,2.8,-1,2.7,2.9,-1,0.3,6.5,5.2,0.9,7.9,1.1,4.6,-2.5,-3.2,4.3,-13.3
2005-08-23 19:45:00+00:00,2005,3,louisiana,Severe Storm(s),-0.6,-1.9,9.4,1.6,5.5,1.8,-3.3,-1.1,10.8,0.3,3.2,6.8,2.3,1.1,2.5,2.8,2.1,-9.2,-0.6,7.8,3.7,-4,6.6,1.8,0.3,2.9,4.1,-2,4.5,2.3,-3.6,2.5,3.6,0.1,2.8,-1,2.7,2.9,-1,0.3,6.5,5.2,0.9,7.9,1.1,4.6,-2.5,-3.2,4.3,-13.3
2005-08-25 23:46:00+00:00,2005,3,oregon,Fire,-0.6,-1.9,9.4,1.6,5.5,1.8,-3.3,-1.1,10.8,0.3,3.2,6.8,2.3,1.1,2.5,2.8,2.1,-9.2,-0.6,7.8,3.7,-4,6.6,1.8,0.3,2.9,4.1,-2,4.5,2.3,-3.6,2.5,3.6,0.1,2.8,-1,2.7,2.9,-1,0.3,6.5,5.2,0.9,7.9,1.1,4.6,-2.5,-3.2,4.3,-13.3
2005-08-27 19:40:00+00:00,2005,3,louisiana,Hurricane,-0.6,-1.9,9.4,1.6,5.5,1.8,-3.3,-1.1,10.8,0.3,3.2,6.8,2.3,1.1,2.5,2.8,2.1,-9.2,-0.6,7.8,3.7,-4,6.6,1.8,0.3,2.9,4.1,-2,4.5,2.3,-3.6,2.5,3.6,0.1,2.8,-1,2.7,2.9,-1,0.3,6.5,5.2,0.9,7.9,1.1,4.6,-2.5,-3.2,4.3,-13.3
2005-09-02 00:00:00+00:00,2005,3,arkansas,Hurricane,-0.6,-1.9,9.4,1.6,5.5,1.8,-3.3,-1.1,10.8,0.3,3.2,6.8,2.3,1.1,2.5,2.8,2.1,-9.2,-0.6,7.8,3.7,-4,6.6,1.8,0.3,2.9,4.1,-2,4.5,2.3,-3.6,2.5,3.6,0.1,2.8,-1,2.7,2.9,-1,0.3,6.5,5.2,0.9,7.9,1.1,4.6,-2.5,-3.2,4.3,-13.3
2005-09-02 12:51:00+00:00,2005,3,texas,Hurricane,-0.6,-1.9,9.4,1.6,5.5,1.8,-3.3,-1.1,10.8,0.3,3.2,6.8,2.3,1.1,2.5,2.8,2.1,-9.2,-0.6,7.8,3.7,-4,6.6,1.8,0.3,2.9,4.1,-2,4.5,2.3,-3.6,2.5,3.6,0.1,2.8,-1,2.7,2.9,-1,0.3,6.5,5.2,0.9,7.9,1.1,4.6,-2.5,-3.2,4.3,-13.3
2005-09-05 01:24:00+00:00,2005,3,west virginia,Hurricane,-0.6,-1.9,9.4,1.6,5.5,1.8,-3.3,-1.1,10.8,0.3,3.2,6.8,2.3,1.1,2.5,2.8,2.1,-9.2,-0.6,7.8,3.7,-4,6.6,1.8,0.3,2.9,4.1,-2,4.5,2.3,-3.6,2.5,3.6,0.1,2.8,-1,2.7,2.9,-1,0.3,6.5,5.2,0.9,7.9,1.1,4.6,-2.5,-3.2,4.3,-13.3
2005-09-05 01:24:00+00:00,2005,3,utah,Coastal Storm,-0.6,-1.9,9.4,1.6,5.5,1.8,-3.3,-1.1,10.8,0.3,3.2,6.8,2.3,1.1,2.5,2.8,2.1,-9.2,-0.6,7.8,3.7,-4,6.6,1.8,0.3,2.9,4.1,-2,4.5,2.3,-3.6,2.5,3.6,0.1,2.8,-1,2.7,2.9,-1,0.3,6.5,5.2,0.9,7.9,1.1,4.6,-2.5,-3.2,4.3,-13.3
2005-09-05 13:11:00+00:00,2005,3,georgia,Hurricane,-0.6,-1.9,9.4,1.6,5.5,1.8,-3.3,-1.1,10.8,0.3,3.2,6.8,2.3,1.1,2.5,2.8,2.1,-9.2,-0.6,7.8,3.7,-4,6.6,1.8,0.3,2.9,4.1,-2,4.5,2.3,-3.6,2.5,3.6,0.1,2.8,-1,2.7,2.9,-1,0.3,6.5,5.2,0.9,7.9,1.1,4.6,-2.5,-3.2,4.3,-13.3
2005-09-05 13:11:00+00:00,2005,3,colorado,Coastal Storm,-0.6,-1.9,9.4,1.6,5.5,1.8,-3.3,-1.1,10.8,0.3,3.2,6.8,2.3,1.1,2.5,2.8,2.1,-9.2,-0.6,7.8,3.7,-4,6.6,1.8,0.3,2.9,4.1,-2,4.5,2.3,-3.6,2.5,3.6,0.1,2.8,-1,2.7,2.9,-1,0.3,6.5,5.2,0.9,7.9,1.1,4.6,-2.5,-3.2,4.3,-13.3
2005-09-05 13:28:00+00:00,2005,3,north carolina,Hurricane,-0.6,-1.9,9.4,1.6,5.5,1.8,-3.3,-1.1,10.8,0.3,3.2,6.8,2.3,1.1,2.5,2.8,2.1,-9.2,-0.6,7.8,3.7,-4,6.6,1.8,0.3,2.9,4.1,-2,4.5,2.3,-3.6,2.5,3.6,0.1,2.8,-1,2.7,2.9,-1,0.3,6.5,5.2,0.9,7.9,1.1,4.6,-2.5,-3.2,4.3,-13.3
2005-09-05 13:28:00+00:00,2005,3,tennessee,Hurricane,-0.6,-1.9,9.4,1.6,5.5,1.8,-3.3,-1.1,10.8,0.3,3.2,6.8,2.3,1.1,2.5,2.8,2.1,-9.2,-0.6,7.8,3.7,-4,6.6,1.8,0.3,2.9,4.1,-2,4.5,2.3,-3.6,2.5,3.6,0.1,2.8,-1,2.7,2.9,-1,0.3,6.5,5.2,0.9,7.9,1.1,4.6,-2.5,-3.2,4.3,-13.3
2005-09-05 13:28:00+00:00,2005,3,oklahoma,Hurricane,-0.6,-1.9,9.4,1.6,5.5,1.8,-3.3,-1.1,10.8,0.3,3.2,6.8,2.3,1.1,2.5,2.8,2.1,-9.2,-0.6,7.8,3.7,-4,6.6,1.8,0.3,2.9,4.1,-2,4.5,2.3,-3.6,2.5,3.6,0.1,2.8,-1,2.7,2.9,-1,0.3,6.5,5.2,0.9,7.9,1.1,4.6,-2.5,-3.2,4.3,-13.3
2005-09-07 20:08:00+00:00,2005,3,washington,Coastal Storm,-0.6,-1.9,9.4,1.6,5.5,1.8,-3.3,-1.1,10.8,0.3,3.2,6.8,2.3,1.1,2.5,2.8,2.1,-9.2,-0.6,7.8,3.7,-4,6.6,1.8,0.3,2.9,4.1,-2,4.5,2.3,-3.6,2.5,3.6,0.1,2.8,-1,2.7,2.9,-1,0.3,6.5,5.2,0.9,7.9,1.1,4.6,-2.5,-3.2,4.3,-13.3
2005-09-07 20:08:00+00:00,2005,3,michigan,Hurricane,-0.6,-1.9,9.4,1.6,5.5,1.8,-3.3,-1.1,10.8,0.3,3.2,6.8,2.3,1.1,2.5,2.8,2.1,-9.2,-0.6,7.8,3.7,-4,6.6,1.8,0.3,2.9,4.1,-2,4.5,2.3,-3.6,2.5,3.6,0.1,2.8,-1,2.7,2.9,-1,0.3,6.5,5.2,0.9,7.9,1.1,4.6,-2.5,-3.2,4.3,-13.3
2005-09-07 20:08:00+00:00,2005,3,new mexico,Hurricane,-0.6,-1.9,9.4,1.6,5.5,1.8,-3.3,-1.1,10.8,0.3,3.2,6.8,2.3,1.1,2.5,2.8,2.1,-9.2,-0.6,7.8,3.7,-4,6.6,1.8,0.3,2.9,4.1,-2,4.5,2.3,-3.6,2.5,3.6,0.1,2.8,-1,2.7,2.9,-1,0.3,6.5,5.2,0.9,7.9,1.1,4.6,-2.5,-3.2,4.3,-13.3
2005-09-07 20:11:00+00:00,2005,3,illinois,Hurricane,-0.6,-1.9,9.4,1.6,5.5,1.8,-3.3,-1.1,10.8,0.3,3.2,6.8,2.3,1.1,2.5,2.8,2.1,-9.2,-0.6,7.8,3.7,-4,6.6,1.8,0.3,2.9,4.1,-2,4.5,2.3,-3.6,2.5,3.6,0.1,2.8,-1,2.7,2.9,-1,0.3,6.5,5.2,0.9,7.9,1.1,4.6,-2.5,-3.2,4.3,-13.3
2005-09-07 20:11:00+00:00,2005,3,oregon,Coastal Storm,-0.6,-1.9,9.4,1.6,5.5,1.8,-3.3,-1.1,10.8,0.3,3.2,6.8,2.3,1.1,2.5,2.8,2.1,-9.2,-0.6,7.8,3.7,-4,6.6,1.8,0.3,2.9,4.1,-2,4.5,2.3,-3.6,2.5,3.6,0.1,2.8,-1,2.7,2.9,-1,0.3,6.5,5.2,0.9,7.9,1.1,4.6,-2.5,-3.2,4.3,-13.3
2005-09-10 20:13:00+00:00,2005,3,kansas,Hurricane,-0.6,-1.9,9.4,1.6,5.5,1.8,-3.3,-1.1,10.8,0.3,3.2,6.8,2.3,1.1,2.5,2.8,2.1,-9.2,-0.6,7.8,3.7,-4,6.6,1.8,0.3,2.9,4.1,-2,4.5,2.3,-3.6,2.5,3.6,0.1,2.8,-1,2.7,2.9,-1,0.3,6.5,5.2,0.9,7.9,1.1,4.6,-2.5,-3.2,4.3,-13.3
2005-09-10 20:13:00+00:00,2005,3,indiana,Hurricane,-0.6,-1.9,9.4,1.6,5.5,1.8,-3.3,-1.1,10.8,0.3,3.2,6.8,2.3,1.1,2.5,2.8,2.1,-9.2,-0.6,7.8,3.7,-4,6.6,1.8,0.3,2.9,4.1,-2,4.5,2.3,-3.6,2.5,3.6,0.1,2.8,-1,2.7,2.9,-1,0.3,6.5,5.2,0.9,7.9,1.1,4.6,-2.5,-3.2,4.3,-13.3
2005-09-10 20:13:00+00:00,2005,3,kentucky,Hurricane,-0.6,-1.9,9.4,1.6,5.5,1.8,-3.3,-1.1,10.8,0.3,3.2,6.8,2.3,1.1,2.5,2.8,2.1,-9.2,-0.6,7.8,3.7,-4,6.6,1.8,0.3,2.9,4.1,-2,4.5,2.3,-3.6,2.5,3.6,0.1,2.8,-1,2.7,2.9,-1,0.3,6.5,5.2,0.9,7.9,1.1,4.6,-2.5,-3.2,4.3,-13.3
2005-09-10 20:20:00+00:00,2005,3,missouri,Hurricane,-0.6,-1.9,9.4,1.6,5.5,1.8,-3.3,-1.1,10.8,0.3,3.2,6.8,2.3,1.1,2.5,2.8,2.1,-9.2,-0.6,7.8,3.7,-4,6.6,1.8,0.3,2.9,4.1,-2,4.5,2.3,-3.6,2.5,3.6,0.1,2.8,-1,2.7,2.9,-1,0.3,6.5,5.2,0.9,7.9,1.1,4.6,-2.5,-3.2,4.3,-13.3
2005-09-10 20:20:00+00:00,2005,3,iowa,Hurricane,-0.6,-1.9,9.4,1.6,5.5,1.8,-3.3,-1.1,10.8,0.3,3.2,6.8,2.3,1.1,2.5,2.8,2.1,-9.2,-0.6,7.8,3.7,-4,6.6,1.8,0.3,2.9,4.1,-2,4.5,2.3,-3.6,2.5,3.6,0.1,2.8,-1,2.7,2.9,-1,0.3,6.5,5.2,0.9,7.9,1.1,4.6,-2.5,-3.2,4.3,-13.3
2005-09-10 20:20:00+00:00,2005,3,pennsylvania,Hurricane,-0.6,-1.9,9.4,1.6,5.5,1.8,-3.3,-1.1,10.8,0.3,3.2,6.8,2.3,1.1,2.5,2.8,2.1,-9.2,-0.6,7.8,3.7,-4,6.6,1.8,0.3,2.9,4.1,-2,4.5,2.3,-3.6,2.5,3.6,0.1,2.8,-1,2.7,2.9,-1,0.3,6.5,5.2,0.9,7.9,1.1,4.6,-2.5,-3.2,4.3,-13.3
2005-09-10 20:20:00+00:00,2005,3,south dakota,Coastal Storm,-0.6,-1.9,9.4,1.6,5.5,1.8,-3.3,-1.1,10.8,0.3,3.2,6.8,2.3,1.1,2.5,2.8,2.1,-9.2,-0.6,7.8,3.7,-4,6.6,1.8,0.3,2.9,4.1,-2,4.5,2.3,-3.6,2.5,3.6,0.1,2.8,-1,2.7,2.9,-1,0.3,6.5,5.2,0.9,7.9,1.1,4.6,-2.5,-3.2,4.3,-13.3
2005-09-10 20:20:00+00:00,2005,3,south carolina,Hurricane,-0.6,-1.9,9.4,1.6,5.5,1.8,-3.3,-1.1,10.8,0.3,3.2,6.8,2.3,1.1,2.5,2.8,2.1,-9.2,-0.6,7.8,3.7,-4,6.6,1.8,0.3,2.9,4.1,-2,4.5,2.3,-3.6,2.5,3.6,0.1,2.8,-1,2.7,2.9,-1,0.3,6.5,5.2,0.9,7.9,1.1,4.6,-2.5,-3.2,4.3,-13.3
2005-09-12 15:34:00+00:00,2005,3,virginia,Hurricane,-0.6,-1.9,9.4,1.6,5.5,1.8,-3.3,-1.1,10.8,0.3,3.2,6.8,2.3,1.1,2.5,2.8,2.1,-9.2,-0.6,7.8,3.7,-4,6.6,1.8,0.3,2.9,4.1,-2,4.5,2.3,-3.6,2.5,3.6,0.1,2.8,-1,2.7,2.9,-1,0.3,6.5,5.2,0.9,7.9,1.1,4.6,-2.5,-3.2,4.3,-13.3
2005-09-12 15:34:00+00:00,2005,3,arizona,Hurricane,-0.6,-1.9,9.4,1.6,5.5,1.8,-3.3,-1.1,10.8,0.3,3.2,6.8,2.3,1.1,2.5,2.8,2.1,-9.2,-0.6,7.8,3.7,-4,6.6,1.8,0.3,2.9,4.1,-2,4.5,2.3,-3.6,2.5,3.6,0.1,2.8,-1,2.7,2.9,-1,0.3,6.5,5.2,0.9,7.9,1.1,4.6,-2.5,-3.2,4.3,-13.3
2005-09-13 13:32:00+00:00,2005,3,ohio,Hurricane,-0.6,-1.9,9.4,1.6,5.5,1.8,-3.3,-1.1,10.8,0.3,3.2,6.8,2.3,1.1,2.5,2.8,2.1,-9.2,-0.6,7.8,3.7,-4,6.6,1.8,0.3,2.9,4.1,-2,4.5,2.3,-3.6,2.5,3.6,0.1,2.8,-1,2.7,2.9,-1,0.3,6.5,5.2,0.9,7.9,1.1,4.6,-2.5,-3.2,4.3,-13.3
2005-09-13 13:32:00+00:00,2005,3,montana,Hurricane,-0.6,-1.9,9.4,1.6,5.5,1.8,-3.3,-1.1,10.8,0.3,3.2,6.8,2.3,1.1,2.5,2.8,2.1,-9.2,-0.6,7.8,3.7,-4,6.6,1.8,0.3,2.9,4.1,-2,4.5,2.3,-3.6,2.5,3.6,0.1,2.8,-1,2.7,2.9,-1,0.3,6.5,5.2,0.9,7.9,1.1,4.6,-2.5,-3.2,4.3,-13.3
2005-09-13 13:32:00+00:00,2005,3,massachusetts,Hurricane,-0.6,-1.9,9.4,1.6,5.5,1.8,-3.3,-1.1,10.8,0.3,3.2,6.8,2.3,1.1,2.5,2.8,2.1,-9.2,-0.6,7.8,3.7,-4,6.6,1.8,0.3,2.9,4.1,-2,4.5,2.3,-3.6,2.5,3.6,0.1,2.8,-1,2.7,2.9,-1,0.3,6.5,5.2,0.9,7.9,1.1,4.6,-2.5,-3.2,4.3,-13.3
2005-09-13 13:32:00+00:00,2005,3,maryland,Hurricane,-0.6,-1.9,9.4,1.6,5.5,1.8,-3.3,-1.1,10.8,0.3,3.2,6.8,2.3,1.1,2.5,2.8,2.1,-9.2,-0.6,7.8,3.7,-4,6.6,1.8,0.3,2.9,4.1,-2,4.5,2.3,-3.6,2.5,3.6,0.1,2.8,-1,2.7,2.9,-1,0.3,6.5,5.2,0.9,7.9,1.1,4.6,-2.5,-3.2,4.3,-13.3
2005-09-13 13:34:00+00:00,2005,3,nevada,Hurricane,-0.6,-1.9,9.4,1.6,5.5,1.8,-3.3,-1.1,10.8,0.3,3.2,6.8,2.3,1.1,2.5,2.8,2.1,-9.2,-0.6,7.8,3.7,-4,6.6,1.8,0.3,2.9,4.1,-2,4.5,2.3,-3.6,2.5,3.6,0.1,2.8,-1,2.7,2.9,-1,0.3,6.5,5.2,0.9,7.9,1.1,4.6,-2.5,-3.2,4.3,-13.3
2005-09-13 13:34:00+00:00,2005,3,wisconsin,Hurricane,-0.6,-1.9,9.4,1.6,5.5,1.8,-3.3,-1.1,10.8,0.3,3.2,6.8,2.3,1.1,2.5,2.8,2.1,-9.2,-0.6,7.8,3.7,-4,6.6,1.8,0.3,2.9,4.1,-2,4.5,2.3,-3.6,2.5,3.6,0.1,2.8,-1,2.7,2.9,-1,0.3,6.5,5.2,0.9,7.9,1.1,4.6,-2.5,-3.2,4.3,-13.3
2005-09-13 13:34:00+00:00,2005,3,idaho,Hurricane,-0.6,-1.9,9.4,1.6,5.5,1.8,-3.3,-1.1,10.8,0.3,3.2,6.8,2.3,1.1,2.5,2.8,2.1,-9.2,-0.6,7.8,3.7,-4,6.6,1.8,0.3,2.9,4.1,-2,4.5,2.3,-3.6,2.5,3.6,0.1,2.8,-1,2.7,2.9,-1,0.3,6.5,5.2,0.9,7.9,1.1,4.6,-2.5,-3.2,4.3,-13.3
2005-09-13 13:34:00+00:00,2005,3,nebraska,Hurricane,-0.6,-1.9,9.4,1.6,5.5,1.8,-3.3,-1.1,10.8,0.3,3.2,6.8,2.3,1.1,2.5,2.8,2.1,-9.2,-0.6,7.8,3.7,-4,6.6,1.8,0.3,2.9,4.1,-2,4.5,2.3,-3.6,2.5,3.6,0.1,2.8,-1,2.7,2.9,-1,0.3,6.5,5.2,0.9,7.9,1.1,4.6,-2.5,-3.2,4.3,-13.3
2005-09-13 13:34:00+00:00,2005,3,minnesota,Hurricane,-0.6,-1.9,9.4,1.6,5.5,1.8,-3.3,-1.1,10.8,0.3,3.2,6.8,2.3,1.1,2.5,2.8,2.1,-9.2,-0.6,7.8,3.7,-4,6.6,1.8,0.3,2.9,4.1,-2,4.5,2.3,-3.6,2.5,3.6,0.1,2.8,-1,2.7,2.9,-1,0.3,6.5,5.2,0.9,7.9,1.1,4.6,-2.5,-3.2,4.3,-13.3
2005-09-13 13:34:00+00:00,2005,3,north dakota,Coastal Storm,-0.6,-1.9,9.4,1.6,5.5,1.8,-3.3,-1.1,10.8,0.3,3.2,6.8,2.3,1.1,2.5,2.8,2.1,-9.2,-0.6,7.8,3.7,-4,6.6,1.8,0.3,2.9,4.1,-2,4.5,2.3,-3.6,2.5,3.6,0.1,2.8,-1,2.7,2.9,-1,0.3,6.5,5.2,0.9,7.9,1.1,4.6,-2.5,-3.2,4.3,-13.3
2005-09-13 13:34:00+00:00,2005,3,california,Hurricane,-0.6,-1.9,9.4,1.6,5.5,1.8,-3.3,-1.1,10.8,0.3,3.2,6.8,2.3,1.1,2.5,2.8,2.1,-9.2,-0.6,7.8,3.7,-4,6.6,1.8,0.3,2.9,4.1,-2,4.5,2.3,-3.6,2.5,3.6,0.1,2.8,-1,2.7,2.9,-1,0.3,6.5,5.2,0.9,7.9,1.1,4.6,-2.5,-3.2,4.3,-13.3
2005-09-13 13:34:00+00:00,2005,3,connecticut,Hurricane,-0.6,-1.9,9.4,1.6,5.5,1.8,-3.3,-1.1,10.8,0.3,3.2,6.8,2.3,1.1,2.5,2.8,2.1,-9.2,-0.6,7.8,3.7,-4,6.6,1.8,0.3,2.9,4.1,-2,4.5,2.3,-3.6,2.5,3.6,0.1,2.8,-1,2.7,2.9,-1,0.3,6.5,5.2,0.9,7.9,1.1,4.6,-2.5,-3.2,4.3,-13.3
2005-09-19 20:14:00+00:00,2005,3,maine,Hurricane,-0.6,-1.9,9.4,1.6,5.5,1.8,-3.3,-1.1,10.8,0.3,3.2,6.8,2.3,1.1,2.5,2.8,2.1,-9.2,-0.6,7.8,3.7,-4,6.6,1.8,0.3,2.9,4.1,-2,4.5,2.3,-3.6,2.5,3.6,0.1,2.8,-1,2.7,2.9,-1,0.3,6.5,5.2,0.9,7.9,1.1,4.6,-2.5,-3.2,4.3,-13.3
2005-09-19 20:14:00+00:00,2005,3,new jersey,Hurricane,-0.6,-1.9,9.4,1.6,5.5,1.8,-3.3,-1.1,10.8,0.3,3.2,6.8,2.3,1.1,2.5,2.8,2.1,-9.2,-0.6,7.8,3.7,-4,6.6,1.8,0.3,2.9,4.1,-2,4.5,2.3,-3.6,2.5,3.6,0.1,2.8,-1,2.7,2.9,-1,0.3,6.5,5.2,0.9,7.9,1.1,4.6,-2.5,-3.2,4.3,-13.3
2005-09-19 20:14:00+00:00,2005,3,rhode island,Hurricane,-0.6,-1.9,9.4,1.6,5.5,1.8,-3.3,-1.1,10.8,0.3,3.2,6.8,2.3,1.1,2.5,2.8,2.1,-9.2,-0.6,7.8,3.7,-4,6.6,1.8,0.3,2.9,4.1,-2,4.5,2.3,-3.6,2.5,3.6,0.1,2.8,-1,2.7,2.9,-1,0.3,6.5,5.2,0.9,7.9,1.1,4.6,-2.5,-3.2,4.3,-13.3
2005-09-19 20:14:00+00:00,2005,3,new hampshire,Hurricane,-0.6,-1.9,9.4,1.6,5.5,1.8,-3.3,-1.1,10.8,0.3,3.2,6.8,2.3,1.1,2.5,2.8,2.1,-9.2,-0.6,7.8,3.7,-4,6.6,1.8,0.3,2.9,4.1,-2,4.5,2.3,-3.6,2.5,3.6,0.1,2.8,-1,2.7,2.9,-1,0.3,6.5,5.2,0.9,7.9,1.1,4.6,-2.5,-3.2,4.3,-13.3
2005-09-30 17:04:00+00:00,2005,3,new york,Hurricane,-0.6,-1.9,9.4,1.6,5.5,1.8,-3.3,-1.1,10.8,0.3,3.2,6.8,2.3,1.1,2.5,2.8,2.1,-9.2,-0.6,7.8,3.7,-4,6.6,1.8,0.3,2.9,4.1,-2,4.5,2.3,-3.6,2.5,3.6,0.1,2.8,-1,2.7,2.9,-1,0.3,6.5,5.2,0.9,7.9,1.1,4.6,-2.5,-3.2,4.3,-13.3
2005-09-30 17:04:00+00:00,2005,3,delaware,Hurricane,-0.6,-1.9,9.4,1.6,5.5,1.8,-3.3,-1.1,10.8,0.3,3.2,6.8,2.3,1.1,2.5,2.8,2.1,-9.2,-0.6,7.8,3.7,-4,6.6,1.8,0.3,2.9,4.1,-2,4.5,2.3,-3.6,2.5,3.6,0.1,2.8,-1,2.7,2.9,-1,0.3,6.5,5.2,0.9,7.9,1.1,4.6,-2.5,-3.2,4.3,-13.3
2005-10-19 19:56:00+00:00,2005,4,massachusetts,Severe Storm(s),3.4,5.2,2.4,8.2,2,-3.7,2.9,59,-0.9,4.6,7,3.4,-2.1,-1,-5.5,-5.2,0.7,-2.7,3.2,1.5,-0.9,-0.8,-3.9,12.3,2.6,7.6,4.9,4.6,-5.3,-1.4,0.4,4.7,4.6,3.9,-0.3,-4,8.1,1,5.9,1.4,9.2,1.7,4.7,10.7,3.1,0.2,7.2,1.1,-4,4.3
2005-10-26 16:04:00+00:00,2005,4,new hampshire,Severe Storm(s),3.4,5.2,2.4,8.2,2,-3.7,2.9,59,-0.9,4.6,7,3.4,-2.1,-1,-5.5,-5.2,0.7,-2.7,3.2,1.5,-0.9,-0.8,-3.9,12.3,2.6,7.6,4.9,4.6,-5.3,-1.4,0.4,4.7,4.6,3.9,-0.3,-4,8.1,1,5.9,1.4,9.2,1.7,4.7,10.7,3.1,0.2,7.2,1.1,-4,4.3
2005-11-08 17:45:00+00:00,2005,4,indiana,Tornado,3.4,5.2,2.4,8.2,2,-3.7,2.9,59,-0.9,4.6,7,3.4,-2.1,-1,-5.5,-5.2,0.7,-2.7,3.2,1.5,-0.9,-0.8,-3.9,12.3,2.6,7.6,4.9,4.6,-5.3,-1.4,0.4,4.7,4.6,3.9,-0.3,-4,8.1,1,5.9,1.4,9.2,1.7,4.7,10.7,3.1,0.2,7.2,1.1,-4,4.3
2005-11-21 18:01:00+00:00,2005,4,north dakota,Snow,3.4,5.2,2.4,8.2,2,-3.7,2.9,59,-0.9,4.6,7,3.4,-2.1,-1,-5.5,-5.2,0.7,-2.7,3.2,1.5,-0.9,-0.8,-3.9,12.3,2.6,7.6,4.9,4.6,-5.3,-1.4,0.4,4.7,4.6,3.9,-0.3,-4,8.1,1,5.9,1.4,9.2,1.7,4.7,10.7,3.1,0.2,7.2,1.1,-4,4.3
2005-11-29 18:53:00+00:00,2005,4,oklahoma,Fire,3.4,5.2,2.4,8.2,2,-3.7,2.9,59,-0.9,4.6,7,3.4,-2.1,-1,-5.5,-5.2,0.7,-2.7,3.2,1.5,-0.9,-0.8,-3.9,12.3,2.6,7.6,4.9,4.6,-5.3,-1.4,0.4,4.7,4.6,3.9,-0.3,-4,8.1,1,5.9,1.4,9.2,1.7,4.7,10.7,3.1,0.2,7.2,1.1,-4,4.3
2005-12-01 17:19:00+00:00,2005,4,kentucky,Severe Storm(s),3.4,5.2,2.4,8.2,2,-3.7,2.9,59,-0.9,4.6,7,3.4,-2.1,-1,-5.5,-5.2,0.7,-2.7,3.2,1.5,-0.9,-0.8,-3.9,12.3,2.6,7.6,4.9,4.6,-5.3,-1.4,0.4,4.7,4.6,3.9,-0.3,-4,8.1,1,5.9,1.4,9.2,1.7,4.7,10.7,3.1,0.2,7.2,1.1,-4,4.3
2005-12-09 18:36:00+00:00,2005,4,alaska,Severe Storm(s),3.4,5.2,2.4,8.2,2,-3.7,2.9,59,-0.9,4.6,7,3.4,-2.1,-1,-5.5,-5.2,0.7,-2.7,3.2,1.5,-0.9,-0.8,-3.9,12.3,2.6,7.6,4.9,4.6,-5.3,-1.4,0.4,4.7,4.6,3.9,-0.3,-4,8.1,1,5.9,1.4,9.2,1.7,4.7,10.7,3.1,0.2,7.2,1.1,-4,4.3
2005-12-16 18:36:00+00:00,2005,4,connecticut,Severe Storm(s),3.4,5.2,2.4,8.2,2,-3.7,2.9,59,-0.9,4.6,7,3.4,-2.1,-1,-5.5,-5.2,0.7,-2.7,3.2,1.5,-0.9,-0.8,-3.9,12.3,2.6,7.6,4.9,4.6,-5.3,-1.4,0.4,4.7,4.6,3.9,-0.3,-4,8.1,1,5.9,1.4,9.2,1.7,4.7,10.7,3.1,0.2,7.2,1.1,-4,4.3
2005-12-28 13:13:00+00:00,2005,4,texas,Fire,3.4,5.2,2.4,8.2,2,-3.7,2.9,59,-0.9,4.6,7,3.4,-2.1,-1,-5.5,-5.2,0.7,-2.7,3.2,1.5,-0.9,-0.8,-3.9,12.3,2.6,7.6,4.9,4.6,-5.3,-1.4,0.4,4.7,4.6,3.9,-0.3,-4,8.1,1,5.9,1.4,9.2,1.7,4.7,10.7,3.1,0.2,7.2,1.1,-4,4.3
2006-01-02 10:23:00+00:00,2006,1,new mexico,Fire,1.1,8.9,8.5,-1.7,8.1,10.3,12,-21.2,5.6,-1,-0.8,9.2,12.4,3.9,3.6,19.7,6.4,-0.6,-0.5,1.5,3.4,-2.4,-1.8,-7,-0.1,-0.4,0,6.5,4.8,3.2,9.8,4.6,12.5,6.4,-2.3,47.2,23.6,-5.9,-3.5,4.4,-7.9,3.2,13.5,10.2,2,6.5,5.2,3.5,4.4,29.6
2006-01-04 18:42:00+00:00,2006,1,minnesota,Severe Storm(s),1.1,8.9,8.5,-1.7,8.1,10.3,12,-21.2,5.6,-1,-0.8,9.2,12.4,3.9,3.6,19.7,6.4,-0.6,-0.5,1.5,3.4,-2.4,-1.8,-7,-0.1,-0.4,0,6.5,4.8,3.2,9.8,4.6,12.5,6.4,-2.3,47.2,23.6,-5.9,-3.5,4.4,-7.9,3.2,13.5,10.2,2,6.5,5.2,3.5,4.4,29.6
2006-01-20 17:55:00+00:00,2006,1,south carolina,Severe Ice Storm,1.1,8.9,8.5,-1.7,8.1,10.3,12,-21.2,5.6,-1,-0.8,9.2,12.4,3.9,3.6,19.7,6.4,-0.6,-0.5,1.5,3.4,-2.4,-1.8,-7,-0.1,-0.4,0,6.5,4.8,3.2,9.8,4.6,12.5,6.4,-2.3,47.2,23.6,-5.9,-3.5,4.4,-7.9,3.2,13.5,10.2,2,6.5,5.2,3.5,4.4,29.6
2006-02-03 15:55:00+00:00,2006,1,nevada,Severe Storm(s),1.1,8.9,8.5,-1.7,8.1,10.3,12,-21.2,5.6,-1,-0.8,9.2,12.4,3.9,3.6,19.7,6.4,-0.6,-0.5,1.5,3.4,-2.4,-1.8,-7,-0.1,-0.4,0,6.5,4.8,3.2,9.8,4.6,12.5,6.4,-2.3,47.2,23.6,-5.9,-3.5,4.4,-7.9,3.2,13.5,10.2,2,6.5,5.2,3.5,4.4,29.6
2006-02-27 16:40:00+00:00,2006,1,idaho,Severe Storm(s),1.1,8.9,8.5,-1.7,8.1,10.3,12,-21.2,5.6,-1,-0.8,9.2,12.4,3.9,3.6,19.7,6.4,-0.6,-0.5,1.5,3.4,-2.4,-1.8,-7,-0.1,-0.4,0,6.5,4.8,3.2,9.8,4.6,12.5,6.4,-2.3,47.2,23.6,-5.9,-3.5,4.4,-7.9,3.2,13.5,10.2,2,6.5,5.2,3.5,4.4,29.6
2006-03-16 20:40:00+00:00,2006,1,missouri,Severe Storm(s),1.1,8.9,8.5,-1.7,8.1,10.3,12,-21.2,5.6,-1,-0.8,9.2,12.4,3.9,3.6,19.7,6.4,-0.6,-0.5,1.5,3.4,-2.4,-1.8,-7,-0.1,-0.4,0,6.5,4.8,3.2,9.8,4.6,12.5,6.4,-2.3,47.2,23.6,-5.9,-3.5,4.4,-7.9,3.2,13.5,10.2,2,6.5,5.2,3.5,4.4,29.6
2006-03-20 14:24:00+00:00,2006,1,oregon,Severe Storm(s),1.1,8.9,8.5,-1.7,8.1,10.3,12,-21.2,5.6,-1,-0.8,9.2,12.4,3.9,3.6,19.7,6.4,-0.6,-0.5,1.5,3.4,-2.4,-1.8,-7,-0.1,-0.4,0,6.5,4.8,3.2,9.8,4.6,12.5,6.4,-2.3,47.2,23.6,-5.9,-3.5,4.4,-7.9,3.2,13.5,10.2,2,6.5,5.2,3.5,4.4,29.6
2006-03-28 19:07:00+00:00,2006,1,illinois,Severe Storm(s),1.1,8.9,8.5,-1.7,8.1,10.3,12,-21.2,5.6,-1,-0.8,9.2,12.4,3.9,3.6,19.7,6.4,-0.6,-0.5,1.5,3.4,-2.4,-1.8,-7,-0.1,-0.4,0,6.5,4.8,3.2,9.8,4.6,12.5,6.4,-2.3,47.2,23.6,-5.9,-3.5,4.4,-7.9,3.2,13.5,10.2,2,6.5,5.2,3.5,4.4,29.6
2006-03-30 21:30:00+00:00,2006,1,kansas,Fire,1.1,8.9,8.5,-1.7,8.1,10.3,12,-21.2,5.6,-1,-0.8,9.2,12.4,3.9,3.6,19.7,6.4,-0.6,-0.5,1.5,3.4,-2.4,-1.8,-7,-0.1,-0.4,0,6.5,4.8,3.2,9.8,4.6,12.5,6.4,-2.3,47.2,23.6,-5.9,-3.5,4.4,-7.9,3.2,13.5,10.2,2,6.5,5.2,3.5,4.4,29.6
2006-04-05 18:59:00+00:00,2006,2,tennessee,Severe Storm(s),2.4,10.8,1.6,5.9,-1,-3,-3.7,6.9,1.1,0.4,3,11.2,-2.6,1.9,7.7,5.3,3.1,-1.2,4.1,-0.4,2.3,0.6,7.7,8.1,4.2,4.4,14.4,6.3,-0.9,6.1,-2,-2.5,3.9,8.8,1.6,-11.6,3.8,3.7,10.3,0.6,7.5,4.5,5,6.8,0.5,0.4,0.8,2.9,3,14.3
2006-04-12 19:17:00+00:00,2006,2,arkansas,Severe Storm(s),2.4,10.8,1.6,5.9,-1,-3,-3.7,6.9,1.1,0.4,3,11.2,-2.6,1.9,7.7,5.3,3.1,-1.2,4.1,-0.4,2.3,0.6,7.7,8.1,4.2,4.4,14.4,6.3,-0.9,6.1,-2,-2.5,3.9,8.8,1.6,-11.6,3.8,3.7,10.3,0.6,7.5,4.5,5,6.8,0.5,0.4,0.8,2.9,3,14.3
2006-04-13 19:29:00+00:00,2006,2,oklahoma,Severe Storm(s),2.4,10.8,1.6,5.9,-1,-3,-3.7,6.9,1.1,0.4,3,11.2,-2.6,1.9,7.7,5.3,3.1,-1.2,4.1,-0.4,2.3,0.6,7.7,8.1,4.2,4.4,14.4,6.3,-0.9,6.1,-2,-2.5,3.9,8.8,1.6,-11.6,3.8,3.7,10.3,0.6,7.5,4.5,5,6.8,0.5,0.4,0.8,2.9,3,14.3
2006-04-15 21:22:00+00:00,2006,2,virginia,Fire,2.4,10.8,1.6,5.9,-1,-3,-3.7,6.9,1.1,0.4,3,11.2,-2.6,1.9,7.7,5.3,3.1,-1.2,4.1,-0.4,2.3,0.6,7.7,8.1,4.2,4.4,14.4,6.3,-0.9,6.1,-2,-2.5,3.9,8.8,1.6,-11.6,3.8,3.7,10.3,0.6,7.5,4.5,5,6.8,0.5,0.4,0.8,2.9,3,14.3
2006-05-02 11:15:00+00:00,2006,2,connecticut,Snow,2.4,10.8,1.6,5.9,-1,-3,-3.7,6.9,1.1,0.4,3,11.2,-2.6,1.9,7.7,5.3,3.1,-1.2,4.1,-0.4,2.3,0.6,7.7,8.1,4.2,4.4,14.4,6.3,-0.9,6.1,-2,-2.5,3.9,8.8,1.6,-11.6,3.8,3.7,10.3,0.6,7.5,4.5,5,6.8,0.5,0.4,0.8,2.9,3,14.3
2006-05-02 19:12:00+00:00,2006,2,hawaii,Severe Storm(s),2.4,10.8,1.6,5.9,-1,-3,-3.7,6.9,1.1,0.4,3,11.2,-2.6,1.9,7.7,5.3,3.1,-1.2,4.1,-0.4,2.3,0.6,7.7,8.1,4.2,4.4,14.4,6.3,-0.9,6.1,-2,-2.5,3.9,8.8,1.6,-11.6,3.8,3.7,10.3,0.6,7.5,4.5,5,6.8,0.5,0.4,0.8,2.9,3,14.3
2006-05-15 08:55:00+00:00,2006,2,florida,Fire,2.4,10.8,1.6,5.9,-1,-3,-3.7,6.9,1.1,0.4,3,11.2,-2.6,1.9,7.7,5.3,3.1,-1.2,4.1,-0.4,2.3,0.6,7.7,8.1,4.2,4.4,14.4,6.3,-0.9,6.1,-2,-2.5,3.9,8.8,1.6,-11.6,3.8,3.7,10.3,0.6,7.5,4.5,5,6.8,0.5,0.4,0.8,2.9,3,14.3
2006-05-17 19:18:00+00:00,2006,2,washington,Severe Storm(s),2.4,10.8,1.6,5.9,-1,-3,-3.7,6.9,1.1,0.4,3,11.2,-2.6,1.9,7.7,5.3,3.1,-1.2,4.1,-0.4,2.3,0.6,7.7,8.1,4.2,4.4,14.4,6.3,-0.9,6.1,-2,-2.5,3.9,8.8,1.6,-11.6,3.8,3.7,10.3,0.6,7.5,4.5,5,6.8,0.5,0.4,0.8,2.9,3,14.3
2006-06-05 19:15:00+00:00,2006,2,minnesota,Flood,2.4,10.8,1.6,5.9,-1,-3,-3.7,6.9,1.1,0.4,3,11.2,-2.6,1.9,7.7,5.3,3.1,-1.2,4.1,-0.4,2.3,0.6,7.7,8.1,4.2,4.4,14.4,6.3,-0.9,6.1,-2,-2.5,3.9,8.8,1.6,-11.6,3.8,3.7,10.3,0.6,7.5,4.5,5,6.8,0.5,0.4,0.8,2.9,3,14.3
2006-06-08 17:10:00+00:00,2006,2,alaska,Fire,2.4,10.8,1.6,5.9,-1,-3,-3.7,6.9,1.1,0.4,3,11.2,-2.6,1.9,7.7,5.3,3.1,-1.2,4.1,-0.4,2.3,0.6,7.7,8.1,4.2,4.4,14.4,6.3,-0.9,6.1,-2,-2.5,3.9,8.8,1.6,-11.6,3.8,3.7,10.3,0.6,7.5,4.5,5,6.8,0.5,0.4,0.8,2.9,3,14.3
2006-07-02 16:18:00+00:00,2006,3,maryland,Severe Storm(s),0.7,4.7,6.8,-2.7,1.4,5.3,-1.9,-3.7,-0.1,3,2,-4.7,0.2,2.3,-4,-1,-1.4,0.3,-2.8,2.2,-3.5,-1.9,-10.4,0.1,-3.5,4.7,-9.7,-4,1.9,-2.5,-1.2,-1.5,1.4,-2.3,-0.8,-6.6,6.4,3.4,2.2,-0.3,-1,-2.9,3.7,7.3,-2.6,-1.7,4.4,-0.8,-0.3,17.3
2006-07-02 16:18:00+00:00,2006,3,ohio,Severe Storm(s),0.7,4.7,6.8,-2.7,1.4,5.3,-1.9,-3.7,-0.1,3,2,-4.7,0.2,2.3,-4,-1,-1.4,0.3,-2.8,2.2,-3.5,-1.9,-10.4,0.1,-3.5,4.7,-9.7,-4,1.9,-2.5,-1.2,-1.5,1.4,-2.3,-0.8,-6.6,6.4,3.4,2.2,-0.3,-1,-2.9,3.7,7.3,-2.6,-1.7,4.4,-0.8,-0.3,17.3
2006-07-05 16:35:00+00:00,2006,3,delaware,Severe Storm(s),0.7,4.7,6.8,-2.7,1.4,5.3,-1.9,-3.7,-0.1,3,2,-4.7,0.2,2.3,-4,-1,-1.4,0.3,-2.8,2.2,-3.5,-1.9,-10.4,0.1,-3.5,4.7,-9.7,-4,1.9,-2.5,-1.2,-1.5,1.4,-2.3,-0.8,-6.6,6.4,3.4,2.2,-0.3,-1,-2.9,3.7,7.3,-2.6,-1.7,4.4,-0.8,-0.3,17.3
2006-07-11 15:50:00+00:00,2006,3,montana,Fire,0.7,4.7,6.8,-2.7,1.4,5.3,-1.9,-3.7,-0.1,3,2,-4.7,0.2,2.3,-4,-1,-1.4,0.3,-2.8,2.2,-3.5,-1.9,-10.4,0.1,-3.5,4.7,-9.7,-4,1.9,-2.5,-1.2,-1.5,1.4,-2.3,-0.8,-6.6,6.4,3.4,2.2,-0.3,-1,-2.9,3.7,7.3,-2.6,-1.7,4.4,-0.8,-0.3,17.3
2006-07-13 18:00:00+00:00,2006,3,virginia,Severe Storm(s),0.7,4.7,6.8,-2.7,1.4,5.3,-1.9,-3.7,-0.1,3,2,-4.7,0.2,2.3,-4,-1,-1.4,0.3,-2.8,2.2,-3.5,-1.9,-10.4,0.1,-3.5,4.7,-9.7,-4,1.9,-2.5,-1.2,-1.5,1.4,-2.3,-0.8,-6.6,6.4,3.4,2.2,-0.3,-1,-2.9,3.7,7.3,-2.6,-1.7,4.4,-0.8,-0.3,17.3
2006-07-14 02:00:00+00:00,2006,3,wyoming,Fire,0.7,4.7,6.8,-2.7,1.4,5.3,-1.9,-3.7,-0.1,3,2,-4.7,0.2,2.3,-4,-1,-1.4,0.3,-2.8,2.2,-3.5,-1.9,-10.4,0.1,-3.5,4.7,-9.7,-4,1.9,-2.5,-1.2,-1.5,1.4,-2.3,-0.8,-6.6,6.4,3.4,2.2,-0.3,-1,-2.9,3.7,7.3,-2.6,-1.7,4.4,-0.8,-0.3,17.3
2006-07-17 00:05:00+00:00,2006,3,nebraska,Fire,0.7,4.7,6.8,-2.7,1.4,5.3,-1.9,-3.7,-0.1,3,2,-4.7,0.2,2.3,-4,-1,-1.4,0.3,-2.8,2.2,-3.5,-1.9,-10.4,0.1,-3.5,4.7,-9.7,-4,1.9,-2.5,-1.2,-1.5,1.4,-2.3,-0.8,-6.6,6.4,3.4,2.2,-0.3,-1,-2.9,3.7,7.3,-2.6,-1.7,4.4,-0.8,-0.3,17.3
2006-08-04 13:52:00+00:00,2006,3,alaska,Flood,0.7,4.7,6.8,-2.7,1.4,5.3,-1.9,-3.7,-0.1,3,2,-4.7,0.2,2.3,-4,-1,-1.4,0.3,-2.8,2.2,-3.5,-1.9,-10.4,0.1,-3.5,4.7,-9.7,-4,1.9,-2.5,-1.2,-1.5,1.4,-2.3,-0.8,-6.6,6.4,3.4,2.2,-0.3,-1,-2.9,3.7,7.3,-2.6,-1.7,4.4,-0.8,-0.3,17.3
2006-08-15 17:07:00+00:00,2006,3,texas,Severe Storm(s),0.7,4.7,6.8,-2.7,1.4,5.3,-1.9,-3.7,-0.1,3,2,-4.7,0.2,2.3,-4,-1,-1.4,0.3,-2.8,2.2,-3.5,-1.9,-10.4,0.1,-3.5,4.7,-9.7,-4,1.9,-2.5,-1.2,-1.5,1.4,-2.3,-0.8,-6.6,6.4,3.4,2.2,-0.3,-1,-2.9,3.7,7.3,-2.6,-1.7,4.4,-0.8,-0.3,17.3
2006-08-30 17:22:00+00:00,2006,3,new mexico,Severe Storm(s),0.7,4.7,6.8,-2.7,1.4,5.3,-1.9,-3.7,-0.1,3,2,-4.7,0.2,2.3,-4,-1,-1.4,0.3,-2.8,2.2,-3.5,-1.9,-10.4,0.1,-3.5,4.7,-9.7,-4,1.9,-2.5,-1.2,-1.5,1.4,-2.3,-0.8,-6.6,6.4,3.4,2.2,-0.3,-1,-2.9,3.7,7.3,-2.6,-1.7,4.4,-0.8,-0.3,17.3
2006-10-06 18:12:00+00:00,2006,4,indiana,Severe Storm(s),0.3,11.2,6.1,-3.9,2.2,-1.2,2.8,-8.1,5.3,1,-0.7,6.8,4.5,1.7,4.3,2.8,-2.5,-0.7,5.4,0.2,9.6,-5.6,-0.2,1.3,-1.3,1.7,-1.1,2.1,14.5,0.5,0.4,4.8,2.6,5.7,-2.5,-1.1,3.4,2,-8.6,3.6,-6.7,1.5,8.2,9.2,-4.7,-1.9,4.8,0,-0.9,6.8
2006-10-15 18:00:00+00:00,2006,4,new york,Snow,0.3,11.2,6.1,-3.9,2.2,-1.2,2.8,-8.1,5.3,1,-0.7,6.8,4.5,1.7,4.3,2.8,-2.5,-0.7,5.4,0.2,9.6,-5.6,-0.2,1.3,-1.3,1.7,-1.1,2.1,14.5,0.5,0.4,4.8,2.6,5.7,-2.5,-1.1,3.4,2,-8.6,3.6,-6.7,1.5,8.2,9.2,-4.7,-1.9,4.8,0,-0.9,6.8
2006-10-17 16:48:00+00:00,2006,4,hawaii,Earthquake,0.3,11.2,6.1,-3.9,2.2,-1.2,2.8,-8.1,5.3,1,-0.7,6.8,4.5,1.7,4.3,2.8,-2.5,-0.7,5.4,0.2,9.6,-5.6,-0.2,1.3,-1.3,1.7,-1.1,2.1,14.5,0.5,0.4,4.8,2.6,5.7,-2.5,-1.1,3.4,2,-8.6,3.6,-6.7,1.5,8.2,9.2,-4.7,-1.9,4.8,0,-0.9,6.8
2006-12-29 00:00:00+00:00,2006,4,illinois,Snow,0.3,11.2,6.1,-3.9,2.2,-1.2,2.8,-8.1,5.3,1,-0.7,6.8,4.5,1.7,4.3,2.8,-2.5,-0.7,5.4,0.2,9.6,-5.6,-0.2,1.3,-1.3,1.7,-1.1,2.1,14.5,0.5,0.4,4.8,2.6,5.7,-2.5,-1.1,3.4,2,-8.6,3.6,-6.7,1.5,8.2,9.2,-4.7,-1.9,4.8,0,-0.9,6.8
2007-01-07 00:00:00+00:00,2007,1,colorado,Snow,-3.7,3.2,-1.9,-8.7,-2.7,1.7,18,2.4,-5.8,-4.5,0.5,1,0.6,-0.1,6,11,-4.2,-10.1,-8.8,-2.7,-0.1,4.7,-0.8,-0.5,-4.2,7.9,5.4,-4.8,-11.9,-3.3,-4.2,10.3,-4.2,11.3,1.6,7.7,-6.6,4.5,1.2,0.6,36.3,-10.4,2.4,1.8,-0.4,2.5,2.9,-3,0.1,0.4
2007-01-14 22:30:00+00:00,2007,1,oklahoma,Severe Ice Storm,-3.7,3.2,-1.9,-8.7,-2.7,1.7,18,2.4,-5.8,-4.5,0.5,1,0.6,-0.1,6,11,-4.2,-10.1,-8.8,-2.7,-0.1,4.7,-0.8,-0.5,-4.2,7.9,5.4,-4.8,-11.9,-3.3,-4.2,10.3,-4.2,11.3,1.6,7.7,-6.6,4.5,1.2,0.6,36.3,-10.4,2.4,1.8,-0.4,2.5,2.9,-3,0.1,0.4
2007-01-15 22:25:00+00:00,2007,1,missouri,Severe Ice Storm,-3.7,3.2,-1.9,-8.7,-2.7,1.7,18,2.4,-5.8,-4.5,0.5,1,0.6,-0.1,6,11,-4.2,-10.1,-8.8,-2.7,-0.1,4.7,-0.8,-0.5,-4.2,7.9,5.4,-4.8,-11.9,-3.3,-4.2,10.3,-4.2,11.3,1.6,7.7,-6.6,4.5,1.2,0.6,36.3,-10.4,2.4,1.8,-0.4,2.5,2.9,-3,0.1,0.4
2007-02-03 12:23:00+00:00,2007,1,florida,Severe Storm(s),-3.7,3.2,-1.9,-8.7,-2.7,1.7,18,2.4,-5.8,-4.5,0.5,1,0.6,-0.1,6,11,-4.2,-10.1,-8.8,-2.7,-0.1,4.7,-0.8,-0.5,-4.2,7.9,5.4,-4.8,-11.9,-3.3,-4.2,10.3,-4.2,11.3,1.6,7.7,-6.6,4.5,1.2,0.6,36.3,-10.4,2.4,1.8,-0.4,2.5,2.9,-3,0.1,0.4
2007-02-09 17:30:00+00:00,2007,1,illinois,Severe Ice Storm,-3.7,3.2,-1.9,-8.7,-2.7,1.7,18,2.4,-5.8,-4.5,0.5,1,0.6,-0.1,6,11,-4.2,-10.1,-8.8,-2.7,-0.1,4.7,-0.8,-0.5,-4.2,7.9,5.4,-4.8,-11.9,-3.3,-4.2,10.3,-4.2,11.3,1.6,7.7,-6.6,4.5,1.2,0.6,36.3,-10.4,2.4,1.8,-0.4,2.5,2.9,-3,0.1,0.4
2007-03-03 00:00:00+00:00,2007,1,georgia,Severe Storm(s),-3.7,3.2,-1.9,-8.7,-2.7,1.7,18,2.4,-5.8,-4.5,0.5,1,0.6,-0.1,6,11,-4.2,-10.1,-8.8,-2.7,-0.1,4.7,-0.8,-0.5,-4.2,7.9,5.4,-4.8,-11.9,-3.3,-4.2,10.3,-4.2,11.3,1.6,7.7,-6.6,4.5,1.2,0.6,36.3,-10.4,2.4,1.8,-0.4,2.5,2.9,-3,0.1,0.4
2007-03-03 09:52:00+00:00,2007,1,alabama,Severe Storm(s),-3.7,3.2,-1.9,-8.7,-2.7,1.7,18,2.4,-5.8,-4.5,0.5,1,0.6,-0.1,6,11,-4.2,-10.1,-8.8,-2.7,-0.1,4.7,-0.8,-0.5,-4.2,7.9,5.4,-4.8,-11.9,-3.3,-4.2,10.3,-4.2,11.3,1.6,7.7,-6.6,4.5,1.2,0.6,36.3,-10.4,2.4,1.8,-0.4,2.5,2.9,-3,0.1,0.4
2007-03-12 19:47:00+00:00,2007,1,indiana,Snow,-3.7,3.2,-1.9,-8.7,-2.7,1.7,18,2.4,-5.8,-4.5,0.5,1,0.6,-0.1,6,11,-4.2,-10.1,-8.8,-2.7,-0.1,4.7,-0.8,-0.5,-4.2,7.9,5.4,-4.8,-11.9,-3.3,-4.2,10.3,-4.2,11.3,1.6,7.7,-6.6,4.5,1.2,0.6,36.3,-10.4,2.4,1.8,-0.4,2.5,2.9,-3,0.1,0.4
2007-03-13 22:20:00+00:00,2007,1,california,Freezing,-3.7,3.2,-1.9,-8.7,-2.7,1.7,18,2.4,-5.8,-4.5,0.5,1,0.6,-0.1,6,11,-4.2,-10.1,-8.8,-2.7,-0.1,4.7,-0.8,-0.5,-4.2,7.9,5.4,-4.8,-11.9,-3.3,-4.2,10.3,-4.2,11.3,1.6,7.7,-6.6,4.5,1.2,0.6,36.3,-10.4,2.4,1.8,-0.4,2.5,2.9,-3,0.1,0.4
2007-03-14 19:00:00+00:00,2007,1,iowa,Severe Storm(s),-3.7,3.2,-1.9,-8.7,-2.7,1.7,18,2.4,-5.8,-4.5,0.5,1,0.6,-0.1,6,11,-4.2,-10.1,-8.8,-2.7,-0.1,4.7,-0.8,-0.5,-4.2,7.9,5.4,-4.8,-11.9,-3.3,-4.2,10.3,-4.2,11.3,1.6,7.7,-6.6,4.5,1.2,0.6,36.3,-10.4,2.4,1.8,-0.4,2.5,2.9,-3,0.1,0.4
2007-03-30 17:39:00+00:00,2007,1,iowa,Snow,-3.7,3.2,-1.9,-8.7,-2.7,1.7,18,2.4,-5.8,-4.5,0.5,1,0.6,-0.1,6,11,-4.2,-10.1,-8.8,-2.7,-0.1,4.7,-0.8,-0.5,-4.2,7.9,5.4,-4.8,-11.9,-3.3,-4.2,10.3,-4.2,11.3,1.6,7.7,-6.6,4.5,1.2,0.6,36.3,-10.4,2.4,1.8,-0.4,2.5,2.9,-3,0.1,0.4
2007-04-17 20:20:00+00:00,2007,2,georgia,Fire,3,8.7,4.2,4.2,3.4,5.9,-0.8,12,2.2,4.9,0.2,4.1,0.1,7.1,9.3,4.3,2,-1.7,5,3.9,2.6,-1.3,7.7,2,6.7,7.2,3.2,-0.3,8.5,6.6,4.5,-11,-0.7,-1.9,-0.7,6.3,7,2.6,-8.1,7,-6.7,3.1,9.6,12.4,2.8,0.2,12.9,2,1.8,5.2
2007-04-20 19:18:00+00:00,2007,2,maine,Flood,3,8.7,4.2,4.2,3.4,5.9,-0.8,12,2.2,4.9,0.2,4.1,0.1,7.1,9.3,4.3,2,-1.7,5,3.9,2.6,-1.3,7.7,2,6.7,7.2,3.2,-0.3,8.5,6.6,4.5,-11,-0.7,-1.9,-0.7,6.3,7,2.6,-8.1,7,-6.7,3.1,9.6,12.4,2.8,0.2,12.9,2,1.8,5.2
2007-05-01 10:40:00+00:00,2007,2,west virginia,Severe Storm(s),3,8.7,4.2,4.2,3.4,5.9,-0.8,12,2.2,4.9,0.2,4.1,0.1,7.1,9.3,4.3,2,-1.7,5,3.9,2.6,-1.3,7.7,2,6.7,7.2,3.2,-0.3,8.5,6.6,4.5,-11,-0.7,-1.9,-0.7,6.3,7,2.6,-8.1,7,-6.7,3.1,9.6,12.4,2.8,0.2,12.9,2,1.8,5.2
2007-05-04 17:53:00+00:00,2007,2,vermont,Severe Storm(s),3,8.7,4.2,4.2,3.4,5.9,-0.8,12,2.2,4.9,0.2,4.1,0.1,7.1,9.3,4.3,2,-1.7,5,3.9,2.6,-1.3,7.7,2,6.7,7.2,3.2,-0.3,8.5,6.6,4.5,-11,-0.7,-1.9,-0.7,6.3,7,2.6,-8.1,7,-6.7,3.1,9.6,12.4,2.8,0.2,12.9,2,1.8,5.2
2007-05-16 00:33:00+00:00,2007,2,new jersey,Fire,3,8.7,4.2,4.2,3.4,5.9,-0.8,12,2.2,4.9,0.2,4.1,0.1,7.1,9.3,4.3,2,-1.7,5,3.9,2.6,-1.3,7.7,2,6.7,7.2,3.2,-0.3,8.5,6.6,4.5,-11,-0.7,-1.9,-0.7,6.3,7,2.6,-8.1,7,-6.7,3.1,9.6,12.4,2.8,0.2,12.9,2,1.8,5.2
2007-05-25 18:53:00+00:00,2007,2,rhode island,Severe Storm(s),3,8.7,4.2,4.2,3.4,5.9,-0.8,12,2.2,4.9,0.2,4.1,0.1,7.1,9.3,4.3,2,-1.7,5,3.9,2.6,-1.3,7.7,2,6.7,7.2,3.2,-0.3,8.5,6.6,4.5,-11,-0.7,-1.9,-0.7,6.3,7,2.6,-8.1,7,-6.7,3.1,9.6,12.4,2.8,0.2,12.9,2,1.8,5.2
2007-08-26 14:51:00+00:00,2007,3,wisconsin,Severe Storm(s),3.7,-1.4,3.7,1.9,3.6,4.2,2.1,-10.2,3.5,2.4,7.6,1.9,1.8,5,-0.1,2.2,-0.2,1.3,0.2,-0.7,2.9,-0.2,0.2,9,3.4,-0.2,-1.6,1.6,-12.9,-1.2,4.9,-2.5,1.7,0,1.7,8.8,11,5.3,-3.1,6.7,-13.2,4.2,1.7,1.1,2.9,4.4,7.8,3,2.5,0.7
0,2007,4,null,null,0.1,-4.3,-4.9,22,4.8,10.5,-2.6,-8.5,-3.3,1.9,4.4,5.6,0.6,2,2,4,4.2,-1.1,-2.3,1.9,2.9,-9.2,1.5,6.3,1.7,6.1,7.8,3.3,8.2,2.4,0.2,-3.6,3.9,11.1,-2,-4.2,8.6,0.9,-6.7,2,1.9,7.6,1.2,0.3,-2.7,-0.5,8.6,-0.7,-2.8,5.9
2007-08-28 17:20:00+00:00,2007,3,idaho,Fire,3.7,-1.4,3.7,1.9,3.6,4.2,2.1,-10.2,3.5,2.4,7.6,1.9,1.8,5,-0.1,2.2,-0.2,1.3,0.2,-0.7,2.9,-0.2,0.2,9,3.4,-0.2,-1.6,1.6,-12.9,-1.2,4.9,-2.5,1.7,0,1.7,8.8,11,5.3,-3.1,6.7,-13.2,4.2,1.7,1.1,2.9,4.4,7.8,3,2.5,0.7
2008-01-04 18:06:00+00:00,2008,1,iowa,Severe Ice Storm,-2.2,-4.8,-2.7,-17.1,-7.3,-8.1,12.5,-7.8,-8.4,-11.6,-1.2,-1.8,-6.9,-2.2,-2.9,7.5,0.6,-4.1,0.6,1.3,1.8,-4.9,1.3,5.9,0.1,-3.3,0.4,-12.1,-2.2,4.4,-2.9,5.2,4.5,21.9,-0.5,-3.1,3.5,1.3,1.6,-5.7,34.2,-4.2,-3.5,-8.9,7.2,-4.6,-8.8,-0.9,-1.4,9.5
2008-01-11 13:00:00+00:00,2008,1,nebraska,Severe Ice Storm,-2.2,-4.8,-2.7,-17.1,-7.3,-8.1,12.5,-7.8,-8.4,-11.6,-1.2,-1.8,-6.9,-2.2,-2.9,7.5,0.6,-4.1,0.6,1.3,1.8,-4.9,1.3,5.9,0.1,-3.3,0.4,-12.1,-2.2,4.4,-2.9,5.2,4.5,21.9,-0.5,-3.1,3.5,1.3,1.6,-5.7,34.2,-4.2,-3.5,-8.9,7.2,-4.6,-8.8,-0.9,-1.4,9.5
2008-03-19 12:00:00+00:00,2008,1,wisconsin,Snow,-2.2,-4.8,-2.7,-17.1,-7.3,-8.1,12.5,-7.8,-8.4,-11.6,-1.2,-1.8,-6.9,-2.2,-2.9,7.5,0.6,-4.1,0.6,1.3,1.8,-4.9,1.3,5.9,0.1,-3.3,0.4,-12.1,-2.2,4.4,-2.9,5.2,4.5,21.9,-0.5,-3.1,3.5,1.3,1.6,-5.7,34.2,-4.2,-3.5,-8.9,7.2,-4.6,-8.8,-0.9,-1.4,9.5
2008-04-24 00:00:00+00:00,2008,2,ohio,Snow,2.8,-6.4,-5.7,7.6,6.3,3.6,-6.4,1.3,-2.9,1.6,2.1,4.6,0.4,1.2,-2,3.4,2.9,8.5,0,4,-0.5,-2.5,-0.6,6.2,5.8,-1.3,5.1,-7.1,-2.6,-3.1,5.4,-6.3,8,6.9,1.3,6.7,7.9,7.7,-4.1,3.8,-1.1,2.3,0.1,3.4,-2.6,4.1,2.4,8.1,0,6.2
2008-05-08 16:30:00+00:00,2008,2,mississippi,Severe Storm(s),2.8,-6.4,-5.7,7.6,6.3,3.6,-6.4,1.3,-2.9,1.6,2.1,4.6,0.4,1.2,-2,3.4,2.9,8.5,0,4,-0.5,-2.5,-0.6,6.2,5.8,-1.3,5.1,-7.1,-2.6,-3.1,5.4,-6.3,8,6.9,1.3,6.7,7.9,7.7,-4.1,3.8,-1.1,2.3,0.1,3.4,-2.6,4.1,2.4,8.1,0,6.2
2008-05-09 18:00:00+00:00,2008,2,oklahoma,Flood,2.8,-6.4,-5.7,7.6,6.3,3.6,-6.4,1.3,-2.9,1.6,2.1,4.6,0.4,1.2,-2,3.4,2.9,8.5,0,4,-0.5,-2.5,-0.6,6.2,5.8,-1.3,5.1,-7.1,-2.6,-3.1,5.4,-6.3,8,6.9,1.3,6.7,7.9,7.7,-4.1,3.8,-1.1,2.3,0.1,3.4,-2.6,4.1,2.4,8.1,0,6.2
2008-05-22 16:30:00+00:00,2008,2,south dakota,Snow,2.8,-6.4,-5.7,7.6,6.3,3.6,-6.4,1.3,-2.9,1.6,2.1,4.6,0.4,1.2,-2,3.4,2.9,8.5,0,4,-0.5,-2.5,-0.6,6.2,5.8,-1.3,5.1,-7.1,-2.6,-3.1,5.4,-6.3,8,6.9,1.3,6.7,7.9,7.7,-4.1,3.8,-1.1,2.3,0.1,3.4,-2.6,4.1,2.4,8.1,0,6.2
2008-05-26 13:30:00+00:00,2008,2,colorado,Severe Storm(s),2.8,-6.4,-5.7,7.6,6.3,3.6,-6.4,1.3,-2.9,1.6,2.1,4.6,0.4,1.2,-2,3.4,2.9,8.5,0,4,-0.5,-2.5,-0.6,6.2,5.8,-1.3,5.1,-7.1,-2.6,-3.1,5.4,-6.3,8,6.9,1.3,6.7,7.9,7.7,-4.1,3.8,-1.1,2.3,0.1,3.4,-2.6,4.1,2.4,8.1,0,6.2
2008-06-13 13:00:00+00:00,2008,2,montana,Severe Storm(s),2.8,-6.4,-5.7,7.6,6.3,3.6,-6.4,1.3,-2.9,1.6,2.1,4.6,0.4,1.2,-2,3.4,2.9,8.5,0,4,-0.5,-2.5,-0.6,6.2,5.8,-1.3,5.1,-7.1,-2.6,-3.1,5.4,-6.3,8,6.9,1.3,6.7,7.9,7.7,-4.1,3.8,-1.1,2.3,0.1,3.4,-2.6,4.1,2.4,8.1,0,6.2
2008-06-13 20:20:00+00:00,2008,2,north carolina,Fire,2.8,-6.4,-5.7,7.6,6.3,3.6,-6.4,1.3,-2.9,1.6,2.1,4.6,0.4,1.2,-2,3.4,2.9,8.5,0,4,-0.5,-2.5,-0.6,6.2,5.8,-1.3,5.1,-7.1,-2.6,-3.1,5.4,-6.3,8,6.9,1.3,6.7,7.9,7.7,-4.1,3.8,-1.1,2.3,0.1,3.4,-2.6,4.1,2.4,8.1,0,6.2
2008-07-14 18:45:00+00:00,2008,3,michigan,Severe Storm(s),-3.2,21.1,-6.1,-2.3,-1.6,0.2,-9.8,-2.2,-6.3,-3.6,-5.9,-1.9,-2.9,-8.3,-7.2,-3.7,-7.3,0.3,-3.3,-2.4,-6,-9.1,2.5,-3.8,-6.8,-1,-2.1,-3.4,5.7,-3.4,4.8,0.9,-3.2,11.1,-6.1,2.4,4.1,-4.8,-2.9,-4.7,-1.1,-0.8,1.2,-3.2,-0.9,0.8,1.1,4.9,-3,8.6
2008-10-08 00:00:00+00:00,2008,4,north carolina,Severe Storm(s),-10.7,36.2,-14.1,-6.2,-13,-6,-22.5,-2.6,-13.2,-11.9,-9.6,-11.5,-10,-10.9,-9.5,-11.5,-8.9,5.8,-7.7,-4.4,-7,-11.5,-11.2,-6.8,9.4,-3.5,-13.5,-10.8,-18.4,-8,8.7,-8,-10.2,-0.5,-13.9,7.2,-9,-8.3,-3.7,-10.9,-12.6,-10.8,5.3,-9.7,-5.5,-5.4,-10.4,7.4,-7.5,29.5
2009-01-02 00:00:00+00:00,2009,1,new hampshire,Severe Ice Storm,-4.6,14.5,-9.5,1.3,-2.2,-1.4,8.3,17,-5,-5,-2.6,-2.1,-5.2,-16.8,-5.8,-8.8,-6.1,1.6,-4.1,-2.4,-0.2,-20,-10.9,-8.2,-12.7,-3.1,13,-12.1,-0.7,-10.1,-4.5,-0.6,-9.9,-3.4,-0.7,-12.1,-1.4,-7.5,-2.1,-5.1,10.2,-5.3,-5.6,3.4,-6.3,-1.2,-7.5,-2.4,-9.7,-0.8
2009-01-05 00:00:00+00:00,2009,1,massachusetts,Severe Ice Storm,-4.6,14.5,-9.5,1.3,-2.2,-1.4,8.3,17,-5,-5,-2.6,-2.1,-5.2,-16.8,-5.8,-8.8,-6.1,1.6,-4.1,-2.4,-0.2,-20,-10.9,-8.2,-12.7,-3.1,13,-12.1,-0.7,-10.1,-4.5,-0.6,-9.9,-3.4,-0.7,-12.1,-1.4,-7.5,-2.1,-5.1,10.2,-5.3,-5.6,3.4,-6.3,-1.2,-7.5,-2.4,-9.7,-0.8
2009-01-05 17:30:00+00:00,2009,1,hawaii,Flood,-4.6,14.5,-9.5,1.3,-2.2,-1.4,8.3,17,-5,-5,-2.6,-2.1,-5.2,-16.8,-5.8,-8.8,-6.1,1.6,-4.1,-2.4,-0.2,-20,-10.9,-8.2,-12.7,-3.1,13,-12.1,-0.7,-10.1,-4.5,-0.6,-9.9,-3.4,-0.7,-12.1,-1.4,-7.5,-2.1,-5.1,10.2,-5.3,-5.6,3.4,-6.3,-1.2,-7.5,-2.4,-9.7,-0.8
2009-01-14 14:56:00+00:00,2009,1,vermont,Severe Ice Storm,-4.6,14.5,-9.5,1.3,-2.2,-1.4,8.3,17,-5,-5,-2.6,-2.1,-5.2,-16.8,-5.8,-8.8,-6.1,1.6,-4.1,-2.4,-0.2,-20,-10.9,-8.2,-12.7,-3.1,13,-12.1,-0.7,-10.1,-4.5,-0.6,-9.9,-3.4,-0.7,-12.1,-1.4,-7.5,-2.1,-5.1,10.2,-5.3,-5.6,3.4,-6.3,-1.2,-7.5,-2.4,-9.7,-0.8
2009-01-28 22:30:00+00:00,2009,1,arkansas,Severe Ice Storm,-4.6,14.5,-9.5,1.3,-2.2,-1.4,8.3,17,-5,-5,-2.6,-2.1,-5.2,-16.8,-5.8,-8.8,-6.1,1.6,-4.1,-2.4,-0.2,-20,-10.9,-8.2,-12.7,-3.1,13,-12.1,-0.7,-10.1,-4.5,-0.6,-9.9,-3.4,-0.7,-12.1,-1.4,-7.5,-2.1,-5.1,10.2,-5.3,-5.6,3.4,-6.3,-1.2,-7.5,-2.4,-9.7,-0.8
2009-01-28 22:30:00+00:00,2009,1,kentucky,Severe Ice Storm,-4.6,14.5,-9.5,1.3,-2.2,-1.4,8.3,17,-5,-5,-2.6,-2.1,-5.2,-16.8,-5.8,-8.8,-6.1,1.6,-4.1,-2.4,-0.2,-20,-10.9,-8.2,-12.7,-3.1,13,-12.1,-0.7,-10.1,-4.5,-0.6,-9.9,-3.4,-0.7,-12.1,-1.4,-7.5,-2.1,-5.1,10.2,-5.3,-5.6,3.4,-6.3,-1.2,-7.5,-2.4,-9.7,-0.8
2009-01-30 16:30:00+00:00,2009,1,washington,Flood,-4.6,14.5,-9.5,1.3,-2.2,-1.4,8.3,17,-5,-5,-2.6,-2.1,-5.2,-16.8,-5.8,-8.8,-6.1,1.6,-4.1,-2.4,-0.2,-20,-10.9,-8.2,-12.7,-3.1,13,-12.1,-0.7,-10.1,-4.5,-0.6,-9.9,-3.4,-0.7,-12.1,-1.4,-7.5,-2.1,-5.1,10.2,-5.3,-5.6,3.4,-6.3,-1.2,-7.5,-2.4,-9.7,-0.8
2009-02-17 14:00:00+00:00,2009,1,tennessee,Severe Ice Storm,-4.6,14.5,-9.5,1.3,-2.2,-1.4,8.3,17,-5,-5,-2.6,-2.1,-5.2,-16.8,-5.8,-8.8,-6.1,1.6,-4.1,-2.4,-0.2,-20,-10.9,-8.2,-12.7,-3.1,13,-12.1,-0.7,-10.1,-4.5,-0.6,-9.9,-3.4,-0.7,-12.1,-1.4,-7.5,-2.1,-5.1,10.2,-5.3,-5.6,3.4,-6.3,-1.2,-7.5,-2.4,-9.7,-0.8
2009-04-23 20:21:00+00:00,2009,2,south carolina,Fire,-0.5,-7.1,-7.4,-12.9,-5.2,-6.8,-0.3,4.3,-4.6,1.8,-1.2,-10.1,4.8,-0.3,4.2,-0.1,-3.9,-3.9,3.3,6.4,1,0.8,0.4,-2.2,-1.6,-3.2,-1.6,-8.4,-0.2,-0.7,-7.3,18.8,1.9,-1.3,-6,-5.3,-2.6,0.5,0.3,-2.8,2.5,-2.9,-4.7,-3.9,-1.3,2.8,1.2,-6.6,2.7,-25.1
2009-04-27 18:26:00+00:00,2009,2,arkansas,Tornado,-0.5,-7.1,-7.4,-12.9,-5.2,-6.8,-0.3,4.3,-4.6,1.8,-1.2,-10.1,4.8,-0.3,4.2,-0.1,-3.9,-3.9,3.3,6.4,1,0.8,0.4,-2.2,-1.6,-3.2,-1.6,-8.4,-0.2,-0.7,-7.3,18.8,1.9,-1.3,-6,-5.3,-2.6,0.5,0.3,-2.8,2.5,-2.9,-4.7,-3.9,-1.3,2.8,1.2,-6.6,2.7,-25.1
2009-06-23 17:30:00+00:00,2009,2,oklahoma,Snow,-0.5,-7.1,-7.4,-12.9,-5.2,-6.8,-0.3,4.3,-4.6,1.8,-1.2,-10.1,4.8,-0.3,4.2,-0.1,-3.9,-3.9,3.3,6.4,1,0.8,0.4,-2.2,-1.6,-3.2,-1.6,-8.4,-0.2,-0.7,-7.3,18.8,1.9,-1.3,-6,-5.3,-2.6,0.5,0.3,-2.8,2.5,-2.9,-4.7,-3.9,-1.3,2.8,1.2,-6.6,2.7,-25.1
0,2009,3,null,null,1.1,-9,-1.8,4.8,-1.9,3.4,1.3,1.6,-1,-1.5,-1.1,4.9,-1.1,5,9.1,2.7,4.1,4.5,5.2,1.7,0.1,0,2.3,-0.8,4,5.7,7.2,-4.4,27.1,5,1,4.6,2.1,13,2,3.4,4.9,1.6,3.9,2.2,7.9,0.3,3,0.1,9.2,1.9,-0.8,-4.2,4.4,-11
0,2009,4,null,null,-1.4,-2.5,4.4,4,1.2,0.7,2.8,-8.1,4.9,0.4,0.8,-3,3.9,13,7.3,5.9,8,3.7,2,3.8,3.6,5.4,7.3,-1.4,1.6,-4.1,6.2,0.8,-10.6,0.8,-0.4,4.5,0.4,0.7,2.5,-6.6,0.9,8.5,3,3.3,-3.5,5,3.6,-0.3,0.3,4,3.1,1.3,11.5,-14.2
2010-02-05 12:20:00+00:00,2010,1,new jersey,Snow,1.9,-6.3,-5.9,-1.9,2.1,-2.5,-8.2,1.1,-2.8,-0.9,11.2,6.2,-4.9,4.6,-9,-7.3,0,12.9,-2.5,2.5,4.2,4.8,-4.1,1.1,1.7,17,0.8,-0.5,2.4,1.6,0.8,2,0.6,9.1,1.7,-1.3,17.8,-4.5,2.1,-1.6,-5.4,0.2,6,5.9,1.2,-0.8,1,1.6,-7.5,17
2010-02-16 13:30:00+00:00,2010,1,virginia,Snow,1.9,-6.3,-5.9,-1.9,2.1,-2.5,-8.2,1.1,-2.8,-0.9,11.2,6.2,-4.9,4.6,-9,-7.3,0,12.9,-2.5,2.5,4.2,4.8,-4.1,1.1,1.7,17,0.8,-0.5,2.4,1.6,0.8,2,0.6,9.1,1.7,-1.3,17.8,-4.5,2.1,-1.6,-5.4,0.2,6,5.9,1.2,-0.8,1,1.6,-7.5,17
2010-02-19 19:44:00+00:00,2010,1,maryland,Snow,1.9,-6.3,-5.9,-1.9,2.1,-2.5,-8.2,1.1,-2.8,-0.9,11.2,6.2,-4.9,4.6,-9,-7.3,0,12.9,-2.5,2.5,4.2,4.8,-4.1,1.1,1.7,17,0.8,-0.5,2.4,1.6,0.8,2,0.6,9.1,1.7,-1.3,17.8,-4.5,2.1,-1.6,-5.4,0.2,6,5.9,1.2,-0.8,1,1.6,-7.5,17
2010-03-02 11:30:00+00:00,2010,1,west virginia,Snow,1.9,-6.3,-5.9,-1.9,2.1,-2.5,-8.2,1.1,-2.8,-0.9,11.2,6.2,-4.9,4.6,-9,-7.3,0,12.9,-2.5,2.5,4.2,4.8,-4.1,1.1,1.7,17,0.8,-0.5,2.4,1.6,0.8,2,0.6,9.1,1.7,-1.3,17.8,-4.5,2.1,-1.6,-5.4,0.2,6,5.9,1.2,-0.8,1,1.6,-7.5,17
2010-03-14 00:00:00+00:00,2010,1,north dakota,Flood,1.9,-6.3,-5.9,-1.9,2.1,-2.5,-8.2,1.1,-2.8,-0.9,11.2,6.2,-4.9,4.6,-9,-7.3,0,12.9,-2.5,2.5,4.2,4.8,-4.1,1.1,1.7,17,0.8,-0.5,2.4,1.6,0.8,2,0.6,9.1,1.7,-1.3,17.8,-4.5,2.1,-1.6,-5.4,0.2,6,5.9,1.2,-0.8,1,1.6,-7.5,17
2010-03-31 09:30:00+00:00,2010,1,delaware,Snow,1.9,-6.3,-5.9,-1.9,2.1,-2.5,-8.2,1.1,-2.8,-0.9,11.2,6.2,-4.9,4.6,-9,-7.3,0,12.9,-2.5,2.5,4.2,4.8,-4.1,1.1,1.7,17,0.8,-0.5,2.4,1.6,0.8,2,0.6,9.1,1.7,-1.3,17.8,-4.5,2.1,-1.6,-5.4,0.2,6,5.9,1.2,-0.8,1,1.6,-7.5,17
2010-04-16 11:38:00+00:00,2010,2,pennsylvania,Snow,5.4,10.2,5.3,14,2,0.9,4.5,-6.4,3.2,2.4,-1.4,-2.4,4.7,8.3,7.4,7.2,11.4,4.4,2.8,3.4,4.1,12,5,4.3,-0.4,-1.5,8.2,4.1,9.5,-4.3,-1.5,7.6,-0.3,14.8,5.1,7.4,-2,5.7,2.4,4.4,3.9,1.2,-1,-2.9,7.1,5.3,4.7,7.8,4,2.9
2010-04-21 18:15:00+00:00,2010,2,nebraska,Flood,5.4,10.2,5.3,14,2,0.9,4.5,-6.4,3.2,2.4,-1.4,-2.4,4.7,8.3,7.4,7.2,11.4,4.4,2.8,3.4,4.1,12,5,4.3,-0.4,-1.5,8.2,4.1,9.5,-4.3,-1.5,7.6,-0.3,14.8,5.1,7.4,-2,5.7,2.4,4.4,3.9,1.2,-1,-2.9,7.1,5.3,4.7,7.8,4,2.9
2010-05-07 18:15:00+00:00,2010,2,california,Earthquake,5.4,10.2,5.3,14,2,0.9,4.5,-6.4,3.2,2.4,-1.4,-2.4,4.7,8.3,7.4,7.2,11.4,4.4,2.8,3.4,4.1,12,5,4.3,-0.4,-1.5,8.2,4.1,9.5,-4.3,-1.5,7.6,-0.3,14.8,5.1,7.4,-2,5.7,2.4,4.4,3.9,1.2,-1,-2.9,7.1,5.3,4.7,7.8,4,2.9
2010-05-13 16:29:00+00:00,2010,2,south dakota,Flood,5.4,10.2,5.3,14,2,0.9,4.5,-6.4,3.2,2.4,-1.4,-2.4,4.7,8.3,7.4,7.2,11.4,4.4,2.8,3.4,4.1,12,5,4.3,-0.4,-1.5,8.2,4.1,9.5,-4.3,-1.5,7.6,-0.3,14.8,5.1,7.4,-2,5.7,2.4,4.4,3.9,1.2,-1,-2.9,7.1,5.3,4.7,7.8,4,2.9
2010-06-24 16:00:00+00:00,2010,2,west virginia,Flood,5.4,10.2,5.3,14,2,0.9,4.5,-6.4,3.2,2.4,-1.4,-2.4,4.7,8.3,7.4,7.2,11.4,4.4,2.8,3.4,4.1,12,5,4.3,-0.4,-1.5,8.2,4.1,9.5,-4.3,-1.5,7.6,-0.3,14.8,5.1,7.4,-2,5.7,2.4,4.4,3.9,1.2,-1,-2.9,7.1,5.3,4.7,7.8,4,2.9
2010-07-02 10:41:00+00:00,2010,3,minnesota,Tornado,6.6,2.5,4.4,6.9,1.9,4.1,0.4,3.4,2.8,3.2,6.7,3.2,5.2,5.6,2.6,7.4,5.8,3,2,2.1,8.4,8.7,6.8,0.5,0.4,1.3,4.3,3.9,-5.7,2.1,3.1,-5.1,1.6,8,5.7,2.8,4.5,7.1,2.8,2.5,12.7,2,3,6.1,5,2.6,3,12.9,5.2,3.2
2010-07-14 18:18:00+00:00,2010,3,wyoming,Flood,6.6,2.5,4.4,6.9,1.9,4.1,0.4,3.4,2.8,3.2,6.7,3.2,5.2,5.6,2.6,7.4,5.8,3,2,2.1,8.4,8.7,6.8,0.5,0.4,1.3,4.3,3.9,-5.7,2.1,3.1,-5.1,1.6,8,5.7,2.8,4.5,7.1,2.8,2.5,12.7,2,3,6.1,5,2.6,3,12.9,5.2,3.2
2010-09-13 15:25:00+00:00,2010,3,new mexico,Flood,6.6,2.5,4.4,6.9,1.9,4.1,0.4,3.4,2.8,3.2,6.7,3.2,5.2,5.6,2.6,7.4,5.8,3,2,2.1,8.4,8.7,6.8,0.5,0.4,1.3,4.3,3.9,-5.7,2.1,3.1,-5.1,1.6,8,5.7,2.8,4.5,7.1,2.8,2.5,12.7,2,3,6.1,5,2.6,3,12.9,5.2,3.2
2010-10-14 16:50:00+00:00,2010,4,new york,Tornado,-0.2,0.4,2.9,0.4,8.1,6.5,1.2,4.1,1.8,4.6,-1.1,2.4,1.8,1.8,2.6,4.4,0.3,-8.5,-4.8,6.4,-1.4,-1.7,13,-2.6,-0.7,0.5,2.1,2.3,0.2,-1.2,9.5,-3.3,6,11.8,4.3,1.4,2.4,3.2,-1.2,1.1,3,3.5,3.2,6.6,1.3,1.5,-1.6,0.3,5,-6
2011-01-26 15:00:00+00:00,2011,1,california,Flood,-4.4,-11.7,-2.7,-2.7,-2.6,-4.3,-8.7,1.7,-7.7,-3.6,2.8,-6.2,-1.9,-5.9,-1.4,-1.4,-5.3,-12.6,-4.1,-2.7,-3,1.3,-8.8,-8.6,-5.7,10.5,12.6,-5.9,-4,-7.8,-13.2,7.4,-2.7,10.4,-1.5,-0.9,16.3,-8.1,-8.6,1.6,13.7,0.7,4.7,0.4,-2.2,-5.1,0.8,-8.1,-2.7,-2.3
2011-03-07 14:00:00+00:00,2011,1,massachusetts,Snow,-4.4,-11.7,-2.7,-2.7,-2.6,-4.3,-8.7,1.7,-7.7,-3.6,2.8,-6.2,-1.9,-5.9,-1.4,-1.4,-5.3,-12.6,-4.1,-2.7,-3,1.3,-8.8,-8.6,-5.7,10.5,12.6,-5.9,-4,-7.8,-13.2,7.4,-2.7,10.4,-1.5,-0.9,16.3,-8.1,-8.6,1.6,13.7,0.7,4.7,0.4,-2.2,-5.1,0.8,-8.1,-2.7,-2.3
2011-03-25 18:30:00+00:00,2011,1,oregon,Tsunami,-4.4,-11.7,-2.7,-2.7,-2.6,-4.3,-8.7,1.7,-7.7,-3.6,2.8,-6.2,-1.9,-5.9,-1.4,-1.4,-5.3,-12.6,-4.1,-2.7,-3,1.3,-8.8,-8.6,-5.7,10.5,12.6,-5.9,-4,-7.8,-13.2,7.4,-2.7,10.4,-1.5,-0.9,16.3,-8.1,-8.6,1.6,13.7,0.7,4.7,0.4,-2.2,-5.1,0.8,-8.1,-2.7,-2.3
2011-04-08 16:00:00+00:00,2011,2,hawaii,Tsunami,2.9,16.7,0.6,2.9,0.6,1,3.3,4.7,3.6,1.6,-2.4,1.5,4.4,0.6,-1.8,4,2.4,-6.5,-1.2,2.7,12.8,-1.7,7.1,1.9,-0.4,-1,-3.6,6.5,3.4,5.5,6.2,-3.1,5.9,2.2,4.8,14.7,-2.5,4.5,9.3,6.3,-1.3,4.4,2.8,2.3,5.4,3,-1.5,8.9,1.5,5.2
2011-04-18 14:00:00+00:00,2011,2,california,Tsunami,2.9,16.7,0.6,2.9,0.6,1,3.3,4.7,3.6,1.6,-2.4,1.5,4.4,0.6,-1.8,4,2.4,-6.5,-1.2,2.7,12.8,-1.7,7.1,1.9,-0.4,-1,-3.6,6.5,3.4,5.5,6.2,-3.1,5.9,2.2,4.8,14.7,-2.5,4.5,9.3,6.3,-1.3,4.4,2.8,2.3,5.4,3,-1.5,8.9,1.5,5.2
2011-05-04 08:30:00+00:00,2011,2,tennessee,Flood,2.9,16.7,0.6,2.9,0.6,1,3.3,4.7,3.6,1.6,-2.4,1.5,4.4,0.6,-1.8,4,2.4,-6.5,-1.2,2.7,12.8,-1.7,7.1,1.9,-0.4,-1,-3.6,6.5,3.4,5.5,6.2,-3.1,5.9,2.2,4.8,14.7,-2.5,4.5,9.3,6.3,-1.3,4.4,2.8,2.3,5.4,3,-1.5,8.9,1.5,5.2
2011-05-04 20:00:00+00:00,2011,2,mississippi,Flood,2.9,16.7,0.6,2.9,0.6,1,3.3,4.7,3.6,1.6,-2.4,1.5,4.4,0.6,-1.8,4,2.4,-6.5,-1.2,2.7,12.8,-1.7,7.1,1.9,-0.4,-1,-3.6,6.5,3.4,5.5,6.2,-3.1,5.9,2.2,4.8,14.7,-2.5,4.5,9.3,6.3,-1.3,4.4,2.8,2.3,5.4,3,-1.5,8.9,1.5,5.2
2011-05-06 17:00:00+00:00,2011,2,louisiana,Flood,2.9,16.7,0.6,2.9,0.6,1,3.3,4.7,3.6,1.6,-2.4,1.5,4.4,0.6,-1.8,4,2.4,-6.5,-1.2,2.7,12.8,-1.7,7.1,1.9,-0.4,-1,-3.6,6.5,3.4,5.5,6.2,-3.1,5.9,2.2,4.8,14.7,-2.5,4.5,9.3,6.3,-1.3,4.4,2.8,2.3,5.4,3,-1.5,8.9,1.5,5.2
2011-06-10 16:30:00+00:00,2011,2,new york,Flood,2.9,16.7,0.6,2.9,0.6,1,3.3,4.7,3.6,1.6,-2.4,1.5,4.4,0.6,-1.8,4,2.4,-6.5,-1.2,2.7,12.8,-1.7,7.1,1.9,-0.4,-1,-3.6,6.5,3.4,5.5,6.2,-3.1,5.9,2.2,4.8,14.7,-2.5,4.5,9.3,6.3,-1.3,4.4,2.8,2.3,5.4,3,-1.5,8.9,1.5,5.2
2011-06-15 12:30:00+00:00,2011,2,massachusetts,Tornado,2.9,16.7,0.6,2.9,0.6,1,3.3,4.7,3.6,1.6,-2.4,1.5,4.4,0.6,-1.8,4,2.4,-6.5,-1.2,2.7,12.8,-1.7,7.1,1.9,-0.4,-1,-3.6,6.5,3.4,5.5,6.2,-3.1,5.9,2.2,4.8,14.7,-2.5,4.5,9.3,6.3,-1.3,4.4,2.8,2.3,5.4,3,-1.5,8.9,1.5,5.2
2011-06-25 15:30:00+00:00,2011,2,kansas,Flood,2.9,16.7,0.6,2.9,0.6,1,3.3,4.7,3.6,1.6,-2.4,1.5,4.4,0.6,-1.8,4,2.4,-6.5,-1.2,2.7,12.8,-1.7,7.1,1.9,-0.4,-1,-3.6,6.5,3.4,5.5,6.2,-3.1,5.9,2.2,4.8,14.7,-2.5,4.5,9.3,6.3,-1.3,4.4,2.8,2.3,5.4,3,-1.5,8.9,1.5,5.2
2011-06-27 17:00:00+00:00,2011,2,iowa,Flood,2.9,16.7,0.6,2.9,0.6,1,3.3,4.7,3.6,1.6,-2.4,1.5,4.4,0.6,-1.8,4,2.4,-6.5,-1.2,2.7,12.8,-1.7,7.1,1.9,-0.4,-1,-3.6,6.5,3.4,5.5,6.2,-3.1,5.9,2.2,4.8,14.7,-2.5,4.5,9.3,6.3,-1.3,4.4,2.8,2.3,5.4,3,-1.5,8.9,1.5,5.2
2011-06-30 18:30:00+00:00,2011,2,missouri,Flood,2.9,16.7,0.6,2.9,0.6,1,3.3,4.7,3.6,1.6,-2.4,1.5,4.4,0.6,-1.8,4,2.4,-6.5,-1.2,2.7,12.8,-1.7,7.1,1.9,-0.4,-1,-3.6,6.5,3.4,5.5,6.2,-3.1,5.9,2.2,4.8,14.7,-2.5,4.5,9.3,6.3,-1.3,4.4,2.8,2.3,5.4,3,-1.5,8.9,1.5,5.2
2011-07-22 13:00:00+00:00,2011,3,new hampshire,Flood,2.7,6.3,2.8,2.1,0,3.1,-4.4,5.1,-2.1,3,-1.8,0.8,0.5,1.4,5.4,3.7,3.1,-1.2,-0.4,3.9,-3.9,2.9,-1.8,2.2,1.2,-0.8,-0.7,-2.2,-4,0.7,2.6,-1.4,-3.3,15.9,6.6,8.4,-3.3,4.6,-3.2,-2.4,-1.9,4.2,3.6,1.3,0.6,2.6,1.4,3,4.5,-3.4
2011-07-22 15:30:00+00:00,2011,3,wyoming,Severe Storm(s),2.7,6.3,2.8,2.1,0,3.1,-4.4,5.1,-2.1,3,-1.8,0.8,0.5,1.4,5.4,3.7,3.1,-1.2,-0.4,3.9,-3.9,2.9,-1.8,2.2,1.2,-0.8,-0.7,-2.2,-4,0.7,2.6,-1.4,-3.3,15.9,6.6,8.4,-3.3,4.6,-3.2,-2.4,-1.9,4.2,3.6,1.3,0.6,2.6,1.4,3,4.5,-3.4
2011-08-29 00:00:00+00:00,2011,3,vermont,Hurricane,2.7,6.3,2.8,2.1,0,3.1,-4.4,5.1,-2.1,3,-1.8,0.8,0.5,1.4,5.4,3.7,3.1,-1.2,-0.4,3.9,-3.9,2.9,-1.8,2.2,1.2,-0.8,-0.7,-2.2,-4,0.7,2.6,-1.4,-3.3,15.9,6.6,8.4,-3.3,4.6,-3.2,-2.4,-1.9,4.2,3.6,1.3,0.6,2.6,1.4,3,4.5,-3.4
2011-09-08 23:00:00+00:00,2011,3,pennsylvania,Flood,2.7,6.3,2.8,2.1,0,3.1,-4.4,5.1,-2.1,3,-1.8,0.8,0.5,1.4,5.4,3.7,3.1,-1.2,-0.4,3.9,-3.9,2.9,-1.8,2.2,1.2,-0.8,-0.7,-2.2,-4,0.7,2.6,-1.4,-3.3,15.9,6.6,8.4,-3.3,4.6,-3.2,-2.4,-1.9,4.2,3.6,1.3,0.6,2.6,1.4,3,4.5,-3.4
2011-10-05 16:33:00+00:00,2011,4,maryland,Flood,4.6,18.4,9.8,2.5,1.5,3.9,-0.1,-4.3,2.1,2.2,5.3,5.9,4,4.7,10.9,2.6,7.9,6,5.7,0.4,4.5,12.2,0,5.9,4.6,8.2,10.3,-0.9,24.5,4.7,6.4,4.4,-1.3,34.7,7.2,8.5,5.1,3.5,-0.9,1.9,18.1,3.9,8.5,3.1,9.8,2.9,6.6,2.8,2.3,4.2
2011-10-28 10:49:00+00:00,2011,4,louisiana,Coastal Storm,4.6,18.4,9.8,2.5,1.5,3.9,-0.1,-4.3,2.1,2.2,5.3,5.9,4,4.7,10.9,2.6,7.9,6,5.7,0.4,4.5,12.2,0,5.9,4.6,8.2,10.3,-0.9,24.5,4.7,6.4,4.4,-1.3,34.7,7.2,8.5,5.1,3.5,-0.9,1.9,18.1,3.9,8.5,3.1,9.8,2.9,6.6,2.8,2.3,4.2
2011-11-04 17:58:00+00:00,2011,4,virginia,Earthquake,4.6,18.4,9.8,2.5,1.5,3.9,-0.1,-4.3,2.1,2.2,5.3,5.9,4,4.7,10.9,2.6,7.9,6,5.7,0.4,4.5,12.2,0,5.9,4.6,8.2,10.3,-0.9,24.5,4.7,6.4,4.4,-1.3,34.7,7.2,8.5,5.1,3.5,-0.9,1.9,18.1,3.9,8.5,3.1,9.8,2.9,6.6,2.8,2.3,4.2
2012-02-01 14:15:00+00:00,2012,1,utah,Severe Storm(s),0.4,-4.8,-0.3,-0.6,5,0.4,2.2,1.1,2.3,-0.3,3.2,-5.5,6.8,-2.1,2.5,10.6,-2.8,3.1,-1.3,1.3,0.8,-3.1,9,6.9,1.6,0.2,-11.6,-2.7,-14.6,1.5,-6.9,3.3,4.7,28.3,-4.9,2,-2.9,-0.2,3.9,3.3,-6.1,3.1,8.1,2.3,-8.1,-1.5,5.8,-8.1,1.9,-11
2012-03-02 13:12:00+00:00,2012,1,oregon,Flood,0.4,-4.8,-0.3,-0.6,5,0.4,2.2,1.1,2.3,-0.3,3.2,-5.5,6.8,-2.1,2.5,10.6,-2.8,3.1,-1.3,1.3,0.8,-3.1,9,6.9,1.6,0.2,-11.6,-2.7,-14.6,1.5,-6.9,3.3,4.7,28.3,-4.9,2,-2.9,-0.2,3.9,3.3,-6.1,3.1,8.1,2.3,-8.1,-1.5,5.8,-8.1,1.9,-11
0,2012,2,null,null,1.2,13.8,2.9,-0.2,2.3,4.3,-1.6,-4.4,-2,2.7,1,1.9,-0.7,2.3,7,-8.9,1.4,2.7,2.5,-3.1,3.5,1.3,-5.8,0.1,-0.6,-4.1,6.6,-0.5,1.6,-1.1,6.7,6.3,-5.1,29,4.8,4.1,-5.1,1,-0.1,-1.8,-1.2,5,2.6,-0.6,4.7,0.8,1.5,2.5,2.1,2.6
0,2012,3,null,null,-5.9,-3.3,-3.7,-4.3,1.5,-0.8,-0.5,-4.5,4.2,0.2,1.1,3.6,-2.2,-2.3,-3.8,-10.1,-3.6,-10.2,-5.2,2.6,1.9,0.6,3.2,-4.6,-2.4,2.4,-2.9,-1.5,2.4,5.7,-5.8,3,0.5,9.8,-1.2,-0.3,-7,1.3,-0.5,-2.4,-24.2,-1.3,3.2,-2.4,-4.8,-0.2,2.2,-6.8,-3.5,-11.5
0,2012,4,null,null,0.2,-6.7,-0.9,-4.5,6.7,3,1.4,-8.3,-3.3,-2.5,-4.8,-6.3,-5.3,-5,-6,-0.1,-5.5,-5.4,-8.1,-5.2,-5.2,-1,-4.4,-6.1,1.3,-2.3,0.3,-6.2,1.1,-3.3,-6.8,5.3,-4,6.1,-3.4,14.7,-10.2,-2.5,-6.8,-4.7,27.6,1.2,9.1,3.7,-7.7,-2.9,-6.3,-6.1,-2.5,-4.4
2013-03-01 17:00:00+00:00,2013,1,north carolina,Mud/Landslide,6.6,-2.9,0.9,16.7,-3.3,5.5,-5.8,-2.2,6.4,6.2,9,9.3,4.1,16.8,8,10.6,11,-0.1,7.2,3.7,-1.9,5,5.7,9.3,7.4,3.2,12.1,7.5,0.3,5.6,1.8,-11.5,5.8,-11.2,4.9,-0.6,2.6,3.9,9,11.6,-0.1,6.3,5,5.4,7.4,3.4,10.5,8.1,6,17.4
2013-03-05 14:00:00+00:00,2013,1,arizona,Freezing,6.6,-2.9,0.9,16.7,-3.3,5.5,-5.8,-2.2,6.4,6.2,9,9.3,4.1,16.8,8,10.6,11,-0.1,7.2,3.7,-1.9,5,5.7,9.3,7.4,3.2,12.1,7.5,0.3,5.6,1.8,-11.5,5.8,-11.2,4.9,-0.6,2.6,3.9,9,11.6,-0.1,6.3,5,5.4,7.4,3.4,10.5,8.1,6,17.4
2013-04-26 13:43:00+00:00,2013,2,kansas,Snow,-1.4,-12.6,1.1,0.6,3.5,0.7,-3.1,2.4,-0.3,-2.2,-2.5,3.4,-2.4,-3.4,-4.7,-3.3,-2.9,-5.9,-3,-0.5,-0.1,-1.1,2.3,-2.4,-1.8,-1.3,-3.4,-1.8,-2.4,-0.7,-0.5,2.4,2.8,4.5,-1.4,5.3,0.6,3.7,-4,-2.2,-1.3,-4.1,4.7,1.7,-0.4,-2.7,-0.4,0.7,0.9,-4.3
2013-05-10 18:15:00+00:00,2013,2,illinois,Flood,-1.4,-12.6,1.1,0.6,3.5,0.7,-3.1,2.4,-0.3,-2.2,-2.5,3.4,-2.4,-3.4,-4.7,-3.3,-2.9,-5.9,-3,-0.5,-0.1,-1.1,2.3,-2.4,-1.8,-1.3,-3.4,-1.8,-2.4,-0.7,-0.5,2.4,2.8,4.5,-1.4,5.3,0.6,3.7,-4,-2.2,-1.3,-4.1,4.7,1.7,-0.4,-2.7,-0.4,0.7,0.9,-4.3
2013-05-20 22:30:00+00:00,2013,2,oklahoma,Tornado,-1.4,-12.6,1.1,0.6,3.5,0.7,-3.1,2.4,-0.3,-2.2,-2.5,3.4,-2.4,-3.4,-4.7,-3.3,-2.9,-5.9,-3,-0.5,-0.1,-1.1,2.3,-2.4,-1.8,-1.3,-3.4,-1.8,-2.4,-0.7,-0.5,2.4,2.8,4.5,-1.4,5.3,0.6,3.7,-4,-2.2,-1.3,-4.1,4.7,1.7,-0.4,-2.7,-0.4,0.7,0.9,-4.3
2013-06-13 10:30:00+00:00,2013,2,vermont,Flood,-1.4,-12.6,1.1,0.6,3.5,0.7,-3.1,2.4,-0.3,-2.2,-2.5,3.4,-2.4,-3.4,-4.7,-3.3,-2.9,-5.9,-3,-0.5,-0.1,-1.1,2.3,-2.4,-1.8,-1.3,-3.4,-1.8,-2.4,-0.7,-0.5,2.4,2.8,4.5,-1.4,5.3,0.6,3.7,-4,-2.2,-1.3,-4.1,4.7,1.7,-0.4,-2.7,-0.4,0.7,0.9,-4.3
2013-06-18 16:02:00+00:00,2013,2,michigan,Flood,-1.4,-12.6,1.1,0.6,3.5,0.7,-3.1,2.4,-0.3,-2.2,-2.5,3.4,-2.4,-3.4,-4.7,-3.3,-2.9,-5.9,-3,-0.5,-0.1,-1.1,2.3,-2.4,-1.8,-1.3,-3.4,-1.8,-2.4,-0.7,-0.5,2.4,2.8,4.5,-1.4,5.3,0.6,3.7,-4,-2.2,-1.3,-4.1,4.7,1.7,-0.4,-2.7,-0.4,0.7,0.9,-4.3
2013-07-10 12:26:00+00:00,2013,3,montana,Flood,2.8,-0.2,2,2.8,5.6,4.8,4.2,2.4,4.1,2.3,-1.2,2.6,0.7,1.9,4.6,-0.7,1.5,-1,1.6,1.1,7.7,2.1,8,8.7,1.6,3.2,2.7,2.2,1.9,0.3,0.6,2.7,5.1,9.3,1.7,0.7,2.3,0.3,3.2,7.7,1.8,2.8,4,3.4,-2,1,5.6,0.3,2,-0.2
2013-09-12 21:52:00+00:00,2013,3,colorado,Flood,2.8,-0.2,2,2.8,5.6,4.8,4.2,2.4,4.1,2.3,-1.2,2.6,0.7,1.9,4.6,-0.7,1.5,-1,1.6,1.1,7.7,2.1,8,8.7,1.6,3.2,2.7,2.2,1.9,0.3,0.6,2.7,5.1,9.3,1.7,0.7,2.3,0.3,3.2,7.7,1.8,2.8,4,3.4,-2,1,5.6,0.3,2,-0.2
2013-09-25 09:27:00+00:00,2013,3,north carolina,Flood,2.8,-0.2,2,2.8,5.6,4.8,4.2,2.4,4.1,2.3,-1.2,2.6,0.7,1.9,4.6,-0.7,1.5,-1,1.6,1.1,7.7,2.1,8,8.7,1.6,3.2,2.7,2.2,1.9,0.3,0.6,2.7,5.1,9.3,1.7,0.7,2.3,0.3,3.2,7.7,1.8,2.8,4,3.4,-2,1,5.6,0.3,2,-0.2
2013-11-26 18:08:00+00:00,2013,4,illinois,Tornado,-1.9,-4.4,4.3,-0.9,7.4,6.3,0.3,14.2,5,5.6,4.8,6.3,6.3,-0.6,2.5,5.2,1.1,1.3,2.5,2.7,-0.9,3,2.5,-6.7,1.2,3.6,-2.2,3.2,1.7,1.8,3.3,4.8,2.1,-5.8,5.4,9.6,4.3,2.8,-0.6,0.8,1.7,1.9,3.2,0.7,3.4,1.5,2.2,5.1,3.6,1.1
2014-02-06 09:40:00+00:00,2014,1,pennsylvania,Severe Ice Storm,-5.6,-7.5,-0.2,0.7,-0.2,0.5,-5.9,0.8,-0.4,0.7,-3,-2.7,-2.1,7.7,2.2,-4.9,-2.5,-1.4,0.3,-2.4,-2.9,-2.9,-1.1,-3.7,-5.2,1.9,11.3,0.1,-1.5,-1.2,-2.9,-3.8,1.4,10.2,-0.5,-1.5,-8,-1.5,0.4,0.8,5.6,1.3,-2.8,7.1,-6.1,-3.7,0.9,-9.3,-3.7,-5.2
2014-02-11 10:56:00+00:00,2014,1,georgia,Severe Ice Storm,-5.6,-7.5,-0.2,0.7,-0.2,0.5,-5.9,0.8,-0.4,0.7,-3,-2.7,-2.1,7.7,2.2,-4.9,-2.5,-1.4,0.3,-2.4,-2.9,-2.9,-1.1,-3.7,-5.2,1.9,11.3,0.1,-1.5,-1.2,-2.9,-3.8,1.4,10.2,-0.5,-1.5,-8,-1.5,0.4,0.8,5.6,1.3,-2.8,7.1,-6.1,-3.7,0.9,-9.3,-3.7,-5.2
2014-03-24 19:01:00+00:00,2014,1,washington,Mud/Landslide,-5.6,-7.5,-0.2,0.7,-0.2,0.5,-5.9,0.8,-0.4,0.7,-3,-2.7,-2.1,7.7,2.2,-4.9,-2.5,-1.4,0.3,-2.4,-2.9,-2.9,-1.1,-3.7,-5.2,1.9,11.3,0.1,-1.5,-1.2,-2.9,-3.8,1.4,10.2,-0.5,-1.5,-8,-1.5,0.4,0.8,5.6,1.3,-2.8,7.1,-6.1,-3.7,0.9,-9.3,-3.7,-5.2
2014-03-31 13:45:00+00:00,2014,1,north carolina,Severe Ice Storm,-5.6,-7.5,-0.2,0.7,-0.2,0.5,-5.9,0.8,-0.4,0.7,-3,-2.7,-2.1,7.7,2.2,-4.9,-2.5,-1.4,0.3,-2.4,-2.9,-2.9,-1.1,-3.7,-5.2,1.9,11.3,0.1,-1.5,-1.2,-2.9,-3.8,1.4,10.2,-0.5,-1.5,-8,-1.5,0.4,0.8,5.6,1.3,-2.8,7.1,-6.1,-3.7,0.9,-9.3,-3.7,-5.2
2014-06-17 10:00:00+00:00,2014,2,nebraska,Tornado,4.1,-2.1,0.9,2.7,5.4,6.6,0.4,8.9,4.3,6.3,3.2,3.2,5.6,1.7,11.6,7.3,4.2,9.6,2.8,5.7,1.6,5.4,5.3,3.5,4.5,6.6,5.9,0.6,7.1,-1.4,5.9,2.3,-0.2,14.7,7.2,8.8,5,4.3,1.1,8.7,-0.5,2.5,7.1,2.8,3.5,3.5,5.4,7,6.1,3.6
0,2014,3,null,null,5.1,1.6,5.3,2.4,7,9.1,2.6,6.7,4.2,5.1,3.9,3.5,3.3,4.1,4.1,8.2,0.9,8,3.9,4,10.6,4.5,4.6,-2.3,4.1,0.5,-0.5,3.6,2,3,9.2,4.8,3.8,7.1,8.5,15,8.4,5.2,2,1.9,-5.8,2.3,10,3.6,6.7,1.6,6.6,3.6,2.4,5.2
2014-11-03 17:00:00+00:00,2014,4,hawaii,Volcano,-2.1,2.7,-0.7,2.5,1.2,6.6,0.6,0.5,2.7,1.8,0.6,5.9,-0.2,-1.2,0.8,3.4,0,1.8,3.6,-3.8,3.4,-1,-1.3,0.4,0.4,0.1,3.5,4.8,6.7,0.4,9,4.3,1.9,8.6,-0.6,4.7,0.4,2.7,4.1,0.2,-1.3,1.1,5,4,4.1,0.6,3,2.4,0.5,6.2
2014-11-05 12:00:00+00:00,2014,4,nevada,Flood,-2.1,2.7,-0.7,2.5,1.2,6.6,0.6,0.5,2.7,1.8,0.6,5.9,-0.2,-1.2,0.8,3.4,0,1.8,3.6,-3.8,3.4,-1,-1.3,0.4,0.4,0.1,3.5,4.8,6.7,0.4,9,4.3,1.9,8.6,-0.6,4.7,0.4,2.7,4.1,0.2,-1.3,1.1,5,4,4.1,0.6,3,2.4,0.5,6.2
2014-11-05 18:00:00+00:00,2014,4,arizona,Flood,-2.1,2.7,-0.7,2.5,1.2,6.6,0.6,0.5,2.7,1.8,0.6,5.9,-0.2,-1.2,0.8,3.4,0,1.8,3.6,-3.8,3.4,-1,-1.3,0.4,0.4,0.1,3.5,4.8,6.7,0.4,9,4.3,1.9,8.6,-0.6,4.7,0.4,2.7,4.1,0.2,-1.3,1.1,5,4,4.1,0.6,3,2.4,0.5,6.2
2015-01-07 15:18:00+00:00,2015,1,mississippi,Tornado,0.4,-3.9,5.1,-5.2,8.7,1.1,1.4,7.5,5.1,2.4,7.3,3.7,0,-2.6,5.1,-6.1,-3.1,-0.4,-6.7,5.9,4,3.7,-0.3,-2.9,-0.6,7.9,5.2,5.5,-4.3,-1.5,-5.3,-0.6,8.1,-10.1,-1.6,3,9.3,1.5,1,4.8,7.7,5.3,8.8,7.4,-6.3,0.4,3.1,-6.4,2,0.7
2015-04-30 17:35:00+00:00,2015,2,kentucky,Snow,2.4,-2,0.6,2.9,4.7,1.6,3.8,3.1,3.5,3.3,3.3,-0.6,0.6,1,4.3,5.5,3.2,-3.4,4.6,-1.8,3.1,3.8,-1.6,2.2,1.5,4.3,2.5,4.2,7.1,7.1,-0.5,4.7,0.5,-11.4,0.1,-4.1,1.4,1.8,2.5,2.4,4.7,4.2,-2.2,3.6,0.3,4.7,4.3,3.3,0.7,-5.5
2015-05-01 17:37:00+00:00,2015,2,kentucky,Flood,2.4,-2,0.6,2.9,4.7,1.6,3.8,3.1,3.5,3.3,3.3,-0.6,0.6,1,4.3,5.5,3.2,-3.4,4.6,-1.8,3.1,3.8,-1.6,2.2,1.5,4.3,2.5,4.2,7.1,7.1,-0.5,4.7,0.5,-11.4,0.1,-4.1,1.4,1.8,2.5,2.4,4.7,4.2,-2.2,3.6,0.3,4.7,4.3,3.3,0.7,-5.5
0,2015,3,null,null,1.5,-3.7,-0.9,2.6,0,2,-4,-7.4,4.9,2.2,1.4,0.9,4.2,-0.4,3,0,0.7,1.8,-0.2,1,-0.4,1,1.7,2.8,0.5,-1.3,-0.5,4.5,3.2,1.1,1.7,1.1,-0.4,-2.9,-0.6,1.7,4.8,1.5,-0.4,4.3,5.7,3.5,2,1,4.3,2.3,4.1,0.5,3.2,3.3
2015-10-03 14:28:00+00:00,2015,4,south carolina,Severe Storm(s),-0.7,-6,4.4,0.2,2.7,1,1.1,1.4,5.3,1.7,2.9,0,-2.2,3,0.5,-1,3.8,-3.4,3.5,3.1,6.6,2,6.5,1.5,-3.2,-1.9,-2.9,0.7,6.7,-1.4,-3,-6.1,-0.1,-7.6,2.5,-6.6,2.9,3.9,3.4,3,1.9,1.8,-2.3,3.7,-0.6,0.8,0.8,-2.2,1.7,-4.1
2015-10-05 18:30:00+00:00,2015,4,south carolina,Flood,-0.7,-6,4.4,0.2,2.7,1,1.1,1.4,5.3,1.7,2.9,0,-2.2,3,0.5,-1,3.8,-3.4,3.5,3.1,6.6,2,6.5,1.5,-3.2,-1.9,-2.9,0.7,6.7,-1.4,-3,-6.1,-0.1,-7.6,2.5,-6.6,2.9,3.9,3.4,3,1.9,1.8,-2.3,3.7,-0.6,0.8,0.8,-2.2,1.7,-4.1
2015-10-30 17:44:00+00:00,2015,4,alaska,Coastal Storm,-0.7,-6,4.4,0.2,2.7,1,1.1,1.4,5.3,1.7,2.9,0,-2.2,3,0.5,-1,3.8,-3.4,3.5,3.1,6.6,2,6.5,1.5,-3.2,-1.9,-2.9,0.7,6.7,-1.4,-3,-6.1,-0.1,-7.6,2.5,-6.6,2.9,3.9,3.4,3,1.9,1.8,-2.3,3.7,-0.6,0.8,0.8,-2.2,1.7,-4.1
2016-03-19 17:35:00+00:00,2016,1,texas,Flood,2.1,-3,-0.2,0.4,3.6,-1.8,-0.8,-7.7,-2.7,7.5,2.4,8.8,0.8,2.3,-1.1,0.5,-7.5,2.8,2,2.1,-3.3,-1.8,-2.9,4.4,0.5,4.1,6.1,-0.3,-0.3,0.8,1.2,5,2.7,-9.7,-2.9,-4,7.8,-5.1,-3.8,0.4,-3.8,2,-0.3,4.6,3.6,-3.9,7.7,-2.2,1.4,1.7
2016-04-21 21:05:00+00:00,2016,2,new hampshire,Fire,2,-4.9,2.1,2.6,3.2,2.6,0,3.5,4.2,-0.5,1.8,4.6,1.4,3,3.6,5.1,7.4,-0.9,3.3,4.8,1.3,5.3,6.7,-0.1,2,-1.1,2.8,0.2,1.1,-2.1,0.2,1.8,-0.1,-0.3,3.2,-2.4,2,3.7,2.5,2.6,4.5,2.6,-0.7,0.5,-0.6,2.3,0.6,-1.5,1,-12.7
2016-08-03 18:45:00+00:00,2016,3,montana,Tornado,-0.7,-0.9,7.4,-3.2,4.5,5.9,0.4,6,5.2,4.7,1,2.5,1.1,4.9,5.9,3.1,6.3,-0.5,0,2.6,4.8,2.9,6.5,0.1,0.1,-0.5,2.7,10.8,1.5,4,-1.2,-4.1,2.1,0.8,4.6,-6.6,-0.1,5,4.7,0.9,3.8,4.8,1.4,5.7,3,2,3.6,2,5.7,-4.7
2016-10-06 17:00:00+00:00,2016,4,hawaii,Mud/Landslide,1.7,-1.3,-0.4,4.2,2.6,1.2,-0.6,2,1.4,4,-0.1,1.9,2.8,4,3.8,1.5,0.3,-3,0.2,2.2,-1.8,4,2.2,1.4,2.3,3.9,-0.1,-0.9,-6,0.2,0.8,3.1,4.9,1.9,0,-3.5,5.5,-0.9,-5.1,5,-1.6,3.1,-1,4.3,-0.4,1.3,8.3,-1.3,-1.2,-0.6
2016-10-20 11:38:00+00:00,2016,4,wisconsin,Flood,1.7,-1.3,-0.4,4.2,2.6,1.2,-0.6,2,1.4,4,-0.1,1.9,2.8,4,3.8,1.5,0.3,-3,0.2,2.2,-1.8,4,2.2,1.4,2.3,3.9,-0.1,-0.9,-6,0.2,0.8,3.1,4.9,1.9,0,-3.5,5.5,-0.9,-5.1,5,-1.6,3.1,-1,4.3,-0.4,1.3,8.3,-1.3,-1.2,-0.6
2016-11-08 23:32:00+00:00,2016,4,kentucky,Fire,1.7,-1.3,-0.4,4.2,2.6,1.2,-0.6,2,1.4,4,-0.1,1.9,2.8,4,3.8,1.5,0.3,-3,0.2,2.2,-1.8,4,2.2,1.4,2.3,3.9,-0.1,-0.9,-6,0.2,0.8,3.1,4.9,1.9,0,-3.5,5.5,-0.9,-5.1,5,-1.6,3.1,-1,4.3,-0.4,1.3,8.3,-1.3,-1.2,-0.6
2016-11-09 21:22:00+00:00,2016,4,tennessee,Fire,1.7,-1.3,-0.4,4.2,2.6,1.2,-0.6,2,1.4,4,-0.1,1.9,2.8,4,3.8,1.5,0.3,-3,0.2,2.2,-1.8,4,2.2,1.4,2.3,3.9,-0.1,-0.9,-6,0.2,0.8,3.1,4.9,1.9,0,-3.5,5.5,-0.9,-5.1,5,-1.6,3.1,-1,4.3,-0.4,1.3,8.3,-1.3,-1.2,-0.6
2017-01-26 11:30:00+00:00,2017,1,georgia,Tornado,2.4,-0.5,2.5,1,-0.3,2.4,-5.5,2.4,1.8,1.5,6,0.4,-2.1,0.7,-4.5,-6.1,-2,2.2,3,-2.9,5.1,0.5,0.8,-0.3,-2.3,-1.6,-3,1.9,9.5,-2.3,0.6,3.5,0.7,-5.3,0.7,4.6,-0.6,-0.5,1.2,1.5,-0.4,-0.2,4.2,0.4,2,0.8,2.4,6.6,0.7,2.6
2017-02-11 14:30:00+00:00,2017,1,louisiana,Tornado,2.4,-0.5,2.5,1,-0.3,2.4,-5.5,2.4,1.8,1.5,6,0.4,-2.1,0.7,-4.5,-6.1,-2,2.2,3,-2.9,5.1,0.5,0.8,-0.3,-2.3,-1.6,-3,1.9,9.5,-2.3,0.6,3.5,0.7,-5.3,0.7,4.6,-0.6,-0.5,1.2,1.5,-0.4,-0.2,4.2,0.4,2,0.8,2.4,6.6,0.7,2.6
2017-02-24 09:50:00+00:00,2017,1,kansas,Severe Ice Storm,2.4,-0.5,2.5,1,-0.3,2.4,-5.5,2.4,1.8,1.5,6,0.4,-2.1,0.7,-4.5,-6.1,-2,2.2,3,-2.9,5.1,0.5,0.8,-0.3,-2.3,-1.6,-3,1.9,9.5,-2.3,0.6,3.5,0.7,-5.3,0.7,4.6,-0.6,-0.5,1.2,1.5,-0.4,-0.2,4.2,0.4,2,0.8,2.4,6.6,0.7,2.6
